title,alcohol_reference,cartoon_violence,fantasy_violence,intense_violence,mild_fantasy_violence,mild_cartoon_violence,mild_violence,drug_reference,use_of_alcohol,use_of_drugs_and_alcohol,violence,esrb_rating
" DARK SOULSâ„¢: REMASTERED",0,0,0,0,0,0,0,0,0,0,0,M
-Klaus-,1,0,0,1,0,1,0,0,1,0,0,ET
>Observer_,0,0,0,1,0,0,0,0,0,0,0,M
"1001 Spikes",0,0,0,1,0,0,0,0,0,0,0,T
"13 Sentinels: Aegis Rim",0,0,1,0,0,0,0,0,0,0,0,T
"18 Floors",0,0,0,0,0,0,0,0,0,0,0,ET
"1971 Project Helios",0,0,0,0,0,0,0,0,0,0,0,T
"1979 Revolution: Black Friday",0,0,0,1,0,0,0,0,0,0,0,M
"2064: Read Only Memories",0,0,0,0,0,0,0,0,0,0,0,M
20XX,0,0,1,0,0,0,0,0,0,0,0,ET
"2MD VR Football",0,0,0,0,0,0,0,0,0,0,0,E
"36 Fragments of Midnight",0,0,0,0,0,0,0,0,0,0,0,E
"3D Billiards",0,0,0,0,0,0,0,0,0,0,0,E
"3D MiniGolf",0,0,0,0,0,0,0,0,0,0,0,E
"428: Shibuya Scramble",0,0,1,0,0,0,0,0,0,0,0,T
"7 Days to Die",0,0,0,0,0,0,0,0,0,0,0,M
"8 To Glory",0,0,0,0,0,0,0,0,0,0,0,E
"8 To Glory - The Official Game of the PBR",0,0,0,0,0,0,0,0,0,0,0,E
"8-bit Adventure Anthology: Volume I",1,0,0,0,0,1,0,0,0,0,0,ET
"8-Bit Hordes",0,0,1,0,0,0,0,0,0,0,0,ET
"8-Bit Invaders!",0,0,1,0,0,0,0,0,0,0,0,ET
"911 Operator",0,0,0,0,0,0,0,1,0,0,0,T
"A Hat in Time",0,0,0,1,0,0,0,0,0,0,0,T
"A Hole New World",0,0,0,1,0,0,0,0,0,0,0,T
"A Plague Tale : Innocence",0,0,0,0,0,0,0,0,0,0,0,M
"A Way Out",0,0,0,0,0,0,0,0,0,0,0,M
"A-Train Express",1,0,0,0,0,0,0,0,0,0,0,E
Aaero,0,0,1,0,0,0,0,0,0,0,0,ET
"Abo Khashem",0,0,0,0,0,0,0,0,0,0,0,T
"Absolute Drift: Zen Edition",1,0,0,0,0,0,0,0,0,0,0,E
Absolver,0,0,0,0,0,0,0,0,0,0,1,T
"Abyss: The Wraiths of Eden",0,0,0,0,0,0,0,0,0,0,0,T
"ACA NEOGEO AGGRESSORS OF DARK KOMBAT",0,0,0,0,0,0,0,0,0,0,0,T
"ACA NEOGEO BASEBALL STARS 2",0,0,0,0,0,0,1,0,0,0,0,E
"ACA NEOGEO BASEBALL STARS PROFESSIONAL",0,0,0,0,0,0,0,0,0,0,0,E
"ACA NEOGEO BLAZING STAR",0,0,0,0,1,0,0,0,0,0,0,ET
"ACA NEOGEO BLUES JOURNEY",0,0,0,0,1,0,0,0,0,0,0,E
"ACA NEOGEO BURNING FIGHT",0,0,1,0,0,0,0,0,0,0,0,T
"ACA NEOGEO CROSSED SWORDS",0,0,0,0,0,0,0,0,0,0,0,T
"ACA NEOGEO FATAL FURY 3",0,0,0,0,0,0,0,0,0,0,0,T
"ACA NEOGEO FOOTBALL FRENZY",0,0,0,0,0,0,0,0,0,0,0,E
"ACA NEOGEO GAROU: MARK OF THE WOLVES",0,0,1,0,0,0,0,0,0,0,0,T
"ACA NEOGEO GHOST PILOTS",1,0,0,0,0,0,0,0,0,0,0,E
"ACA NEOGEO Gururin",0,0,0,0,0,0,0,0,0,0,0,T
"ACA NEOGEO KARNOVS REVENGE",0,0,0,0,0,0,0,0,0,0,0,T
"ACA NEOGEO MAGICAL DROP III",0,0,0,0,0,0,0,0,0,0,0,T
"ACA NEOGEO METAL SLUG 3",0,0,0,0,0,0,0,0,0,0,0,T
"ACA NEOGEO METAL SLUG 4",0,0,0,0,0,0,0,0,0,0,0,T
"ACA NEOGEO METAL SLUG X",0,0,0,0,0,0,0,0,0,0,0,T
"ACA NEOGEO Money Puzzle Exchanger",0,0,0,0,0,0,0,0,0,0,0,T
"ACA NEOGEO NINJA COMBAT",0,0,1,0,0,0,0,0,0,0,0,ET
"ACA NEOGEO NINJA COMMANDO",0,0,1,0,0,0,0,0,0,0,0,ET
"ACA NEOGEO POWER SPIKES II",0,0,0,0,0,0,0,0,0,0,0,E
"ACA NEOGEO PREHISTORIC ISLE 2",0,0,0,1,0,0,0,0,0,0,0,T
"ACA NEOGEO REAL BOUT FATAL FURY 2",0,0,0,0,0,0,0,0,0,0,0,T
"ACA NEOGEO RIDING HERO",1,0,0,0,0,0,0,0,0,0,0,E
"ACA NEOGEO ROBO ARMY",0,0,1,0,0,0,0,0,0,0,0,ET
"ACA NEOGEO SAMURAI SHODOWN II",0,0,0,0,0,0,0,0,0,0,0,T
"ACA NEOGEO SAMURAI SHODOWN III",0,0,0,0,0,0,0,0,0,0,0,T
"ACA NEOGEO SAMURAI SHODOWN IV",0,0,0,0,0,0,0,0,0,0,0,T
"ACA NEOGEO SAMURAI SHODOWN V",0,0,0,0,0,0,0,0,0,0,0,T
"ACA NEOGEO SENGOKU 3",0,0,0,0,0,0,0,0,0,0,0,T
"ACA NEOGEO SHOCK TROOPERS",0,0,0,0,0,0,0,0,0,0,0,T
"ACA NEOGEO SHOCK TROOPERS 2nd Squad",0,0,0,0,0,0,0,0,0,0,0,T
"ACA NEOGEO SOCCER BRAWL",0,0,0,0,1,0,0,0,0,0,0,E
"ACA NEOGEO SPIN MASTER",0,0,1,0,0,0,0,0,0,0,0,ET
"ACA NEOGEO STAKES WINNER",0,0,0,0,0,0,0,0,0,0,0,E
"ACA NEOGEO STREET HOOP",0,0,0,0,0,0,0,0,0,0,0,E
"ACA NEOGEO SUPER SIDEKICKS 2",0,0,0,0,0,0,0,0,0,0,0,E
"ACA NEOGEO THE KING OF FIGHTERS 2000",0,0,0,0,0,0,0,0,0,0,1,T
"ACA NEOGEO THE KING OF FIGHTERS 2001",0,0,0,0,0,0,0,0,0,0,1,T
"ACA NEOGEO THE KING OF FIGHTERS 98",0,0,0,0,0,0,0,0,1,0,0,T
"ACA NEOGEO THE KING OF FIGHTERS 99",0,0,0,0,0,0,0,0,0,0,0,T
"ACA NEOGEO THE LAST BLADE 2",0,0,0,0,0,0,0,0,0,0,0,T
"ACA NEOGEO TOP PLAYERS GOLF",0,0,0,0,0,0,0,0,0,0,0,E
"ACA NEOGEO WAKU WAKU 7",0,0,0,0,0,0,0,0,0,0,0,T
"ACA NEOGEO WORLD HEROES 2 JET",0,0,0,0,0,0,0,0,0,1,0,T
Accounting+,0,0,0,0,0,0,0,1,0,0,0,M
"ACE COMBATâ„¢ 7: SKIES UNKNOWN",0,0,0,0,0,0,0,0,0,0,0,T
"Ace of Seafood",0,0,0,0,0,0,0,0,0,0,0,T
"ACE OF SEAFOOD",0,0,0,0,0,0,0,0,0,0,0,T
"Aces of the Luftwaffe - Squadron",0,0,1,0,0,0,0,0,0,0,0,ET
"Achtung! Cthulhu Tactics",1,0,0,0,0,0,0,0,0,0,0,T
"ADK DAMASHII",0,0,0,0,0,0,0,0,0,0,0,T
"Adventure Time Pirates of Enchiridion",0,1,0,0,0,0,0,0,0,0,0,ET
"Aegis Defenders",0,0,1,0,0,0,0,0,0,0,0,ET
"AER - Memories of Old",0,0,1,0,0,0,0,0,0,0,0,ET
"AeternoBlade II",0,0,0,0,0,0,0,0,0,0,1,T
Afterparty,0,0,1,0,0,1,0,0,0,0,0,M
"Age of Wonders: Planetfall",0,0,0,1,0,0,0,0,0,0,0,T
Aggelos,0,0,0,0,1,0,0,0,0,0,0,E
Agony,0,0,0,1,0,0,0,0,0,0,1,M
"AI: The Somnium Files",0,0,0,1,0,0,0,0,0,0,1,M
"Air Missions: HIND",0,0,0,0,0,0,0,0,0,0,0,T
"Air Missions: Hind",0,0,0,0,0,0,0,0,0,0,0,T
"Airheart - Tales of broken Wings",0,0,1,0,0,0,0,0,0,0,0,ET
"Airport Simulator 2019",0,0,0,0,0,0,0,0,0,0,0,E
"Albert & Otto",0,0,1,0,0,0,0,0,0,0,0,ET
"Alchemists Castle",0,0,1,0,0,0,0,0,0,0,0,ET
"All-Star Fruit Racing",0,0,0,0,0,1,0,0,0,0,0,E
"Alone With You",0,0,0,0,0,0,0,1,0,0,0,ET
"Along Together",0,0,0,0,1,0,0,0,0,0,0,E
Alteric,0,0,0,0,1,0,0,0,0,0,0,E
"Alvastia Chronicles",1,0,0,1,0,0,0,0,1,0,0,ET
"Always Sometimes Monsters",0,0,0,0,0,0,0,0,0,0,0,M
"American Ninja Warrior: Challenge ",0,0,0,0,0,0,0,0,0,0,0,E
"Americas Greatest Game Shows: Wheel of Fortune & Jeopardy! ",0,0,0,0,0,0,0,0,0,0,0,E
"Amoeba Battle",0,0,0,0,1,0,0,0,0,0,0,E
"Among the Sleep - Enhanced Edition",0,0,0,0,0,0,1,0,0,0,0,T
Anamorphine,0,0,0,0,0,0,0,0,0,0,0,T
"Ancestors Legacy",0,0,0,1,0,0,0,0,0,0,0,M
"Ancestors: The Humankind Odyssey",0,0,0,0,0,0,0,0,0,0,0,T
"Anima: Gate of Memories -The Nameless Chronicles",0,0,0,0,0,0,0,0,0,0,0,T
"Animal Force",0,0,0,0,1,0,0,0,0,0,0,E
"Animal Super Squad",0,0,0,0,0,0,0,0,0,0,0,E
Anodyne,0,0,0,0,0,0,0,0,0,0,0,M
"Another Sight",0,0,0,0,1,0,0,0,0,0,0,E
"Another World - 20th Anniversary Edition",0,0,1,0,0,0,0,0,0,0,0,T
Anthem,1,0,0,0,0,0,0,0,0,0,1,T
"Antiquia Lost",0,0,1,0,0,0,0,0,0,0,0,ET
"AO International Tennis",0,0,0,0,0,0,0,0,0,0,0,E
"AO Tennis 2",0,0,0,0,0,0,0,0,0,0,0,E
"Apex Construct",0,0,1,0,0,0,0,0,0,0,0,ET
"Apex Legends",0,0,0,0,0,0,0,0,0,0,0,T
"Apex Legends - Bloodhound Edition",0,0,0,0,0,0,0,0,0,0,0,T
"Apex Legends - Lifeline Edition",0,0,0,0,0,0,0,0,0,0,0,T
"Apex Legends - Octane Edition",0,0,0,0,0,0,0,0,0,0,0,T
"Apex Legends - Pathfinder Edition",0,0,0,0,0,0,0,0,0,0,0,T
"Apocalypse Rider",0,0,0,0,0,0,0,0,0,0,0,E
"Aquanox Deep Descent",0,0,0,0,0,0,0,0,0,0,0,T
"Aragami: Shadow Edition",0,0,0,0,0,0,0,0,0,0,0,M
"Arc of Alchemist",0,0,1,0,0,0,0,0,0,0,0,ET
"Arcade Archives 10-Yard Fight",0,0,0,0,0,0,0,0,0,0,0,E
"Arcade Archives ARGUS",0,0,0,0,1,0,0,0,0,0,0,E
"Arcade Archives ELEVATOR ACTION",0,0,1,0,0,0,0,0,0,0,0,ET
"Arcade Archives HAUNTED CASTLE",0,0,0,1,0,0,0,0,0,0,0,T
"Arcade Archives HEROIC EPISODE",0,0,1,0,0,0,0,0,0,0,0,ET
"Arcade Archives MOON PATROL",0,0,0,0,1,0,0,0,0,0,0,E
"Arcade Archives OMEGA FIGHTER",0,0,0,0,1,0,0,0,0,0,0,E
"Arcade Archives THE NINJA WARRIORS",0,0,0,0,0,0,0,0,0,0,0,T
"Arcade Archives Traverse USA",0,0,0,0,0,0,0,0,0,0,0,E
"Arcade Islands: Volume One",0,0,1,0,0,0,0,0,0,0,0,ET
"Arcade Spirits",0,0,0,0,0,0,0,1,0,0,1,T
"Arcas Path",0,0,1,0,0,0,0,0,0,0,0,ET
"Ark Park",0,0,0,0,0,0,0,0,0,0,0,T
Armello,1,0,0,1,0,1,1,0,0,0,0,ET
"Armored Warfare",0,0,0,0,0,0,0,0,0,0,1,T
"Art of Fighting Anthology ",0,0,0,0,0,0,1,0,0,0,0,T
"Ary and the Secret of Seasons",0,0,0,1,0,0,0,0,0,0,1,ET
"Asdivine Dios",0,0,1,0,0,0,0,0,0,0,0,ET
"Asdivine Hearts II",0,0,0,1,0,0,0,1,0,0,0,T
"Asdivine Kamura",0,0,1,0,0,0,0,0,0,1,0,ET
"Asdivine Menace",0,0,1,0,0,0,0,0,0,0,1,T
"Asemblance: Oversight",0,0,0,0,0,0,0,0,0,0,0,T
"Ashes Cricket",0,0,0,0,0,0,0,0,0,0,0,E
"Assassins Creed III Remastered ",0,0,0,1,0,0,0,0,0,0,0,M
"Assassins Creed Odyssey ",0,0,0,1,0,0,0,0,0,0,0,M
"Assassins Creed Origins ",0,0,0,0,0,0,0,1,0,0,0,M
"Assassins Creed Rogue Remastered",0,0,0,0,0,0,0,0,0,0,0,M
"Assassins Creed Valhalla",0,0,0,1,0,0,0,0,0,0,0,M
"ASSAULT GUNNERS HD EDITION",0,0,1,0,0,0,0,0,0,0,0,ET
"Assetto Corsa Competizione",0,0,0,0,0,0,0,0,0,0,0,E
"AstÃ©rix & ObÃ©lix XXL 2",1,0,0,0,0,0,0,0,0,0,0,ET
"Asterix & Obelix XXL 3 â€“ The Crystal Menhir",0,1,0,0,0,0,0,0,0,1,0,ET
"Astro Bot Rescue Mission",0,0,0,1,0,0,0,0,0,0,0,ET
Astroneer,0,0,0,0,1,0,0,0,0,0,0,E
"At Sundown",0,0,0,0,0,0,0,0,0,0,0,T
"Atari Flashback Classics Volume 3",0,0,0,0,0,1,0,0,0,0,0,E
"Atelier Lulua ~The Scion of Arland~",0,0,1,0,0,0,0,0,0,1,0,T
"Atelier Lydie and Suelle: The Alchemists and the Mysterious Paintings",0,0,1,0,0,0,1,0,1,0,0,T
"Atelier Ryza 2: Lost Legends & the Secret Fairy",0,0,1,0,0,0,0,0,0,0,1,T
"Atelier Ryza: Ever Darkness & the Secret Hideout",1,0,0,1,0,0,1,0,0,0,0,T
ATOMINE,0,0,0,0,1,0,0,0,0,0,0,E
"Attack of the Earthlings",0,0,0,0,0,0,0,0,0,0,0,T
"Attack on Titan 2",0,0,0,0,0,0,0,0,0,0,0,M
"ATV Drift & Tricks",0,0,0,0,0,0,0,0,0,0,0,E
AUDIOBEATS,0,0,0,0,0,0,0,0,0,0,0,E
"AVICII Invector",0,0,0,0,0,0,0,0,0,0,0,T
"Away: Journey to the Unexpected",0,0,0,1,0,0,0,0,0,0,0,T
Awkward,0,0,1,0,0,0,0,0,0,0,0,M
"Axis Football 2018",0,0,0,0,0,0,0,0,0,0,0,E
"Azur Lane: Crosswave",0,0,1,0,0,0,0,0,0,0,0,T
"Azure Reflections",0,0,0,0,0,0,0,0,0,0,1,T
"Azure Striker GUNVOLT: STRIKER PACK",0,0,1,0,0,0,1,0,0,0,0,T
"Bad North",0,0,0,0,0,0,0,0,0,0,0,T
"BALAN WONDERWORLD",0,0,1,0,0,0,0,0,0,0,0,ET
"Baldurs Gate Enhanced Edition",1,1,0,0,0,0,0,0,0,0,0,T
"Baldurs Gate: Enhanced Edition / Baldurs Gate II: Enhanced Edition",1,1,0,0,0,0,0,0,0,0,0,T
"Banner Saga 2",1,0,0,0,0,0,0,0,0,0,0,T
"Banner Saga 3",1,0,0,0,0,0,0,0,0,0,0,T
Bastion,0,0,0,1,0,0,0,0,0,0,0,ET
"Batman: The Enemy Within - Episode 2: The Pact",0,0,0,0,0,0,0,0,0,0,0,M
"Batman: The Enemy Within - Episode 3: Fractured Mask",0,0,1,0,0,0,0,0,0,0,0,T
"Batman: The Enemy Within - Episode 4: What Ails You",0,0,0,0,0,0,0,0,0,0,0,M
"Batman: The Enemy Within - Episode 5: Same Stitch",0,0,0,0,0,0,0,0,0,0,0,M
"Battle Chef Brigade Deluxe",1,0,0,1,0,0,1,0,0,0,0,ET
"BATTLE GAREGGA REV.2016",0,0,0,0,1,0,0,0,0,0,0,E
"Battle Princess Madelyn",0,0,1,0,0,0,0,0,0,0,0,ET
"Battlefield V",0,0,0,0,0,0,0,0,0,0,0,M
"Battlestar Galactica Deadlock",0,0,1,0,0,0,0,0,0,0,0,ET
Bayonetta,0,0,0,1,0,0,0,0,0,0,0,M
"Beast Quest",0,0,1,0,0,0,0,0,0,0,0,ET
"Beat Saber",0,0,0,0,0,0,0,0,0,0,0,E
"Bee Simulator",0,0,0,0,1,0,0,0,0,0,0,E
"Beholder 2",0,0,0,1,0,0,0,1,0,0,0,M
"Beholder Complete Edition",0,0,1,0,0,0,0,0,0,0,0,T
"Ben 10",0,1,0,0,0,0,0,0,0,0,0,ET
"Ben 10: Power Trip",0,1,0,0,0,0,0,0,0,0,0,ET
"Bendy and the Ink Machine ",0,0,0,0,0,0,0,0,0,0,1,T
"Bibi & Tina at the Horse Farm",0,0,0,0,0,0,0,0,0,0,0,E
"BioShock: 10th Anniversary Edition",0,0,0,0,0,0,0,1,0,0,0,M
Biped,0,0,0,0,0,0,0,0,0,0,0,E
Birdcakes,0,0,1,0,0,0,0,0,0,0,0,ET
"Black Clover: Quartet Knights",0,0,0,0,0,0,0,0,0,0,0,T
"Black Desert",0,0,0,0,0,0,0,0,0,0,1,T
"Black Desert Prestige Edition",0,0,0,0,0,0,0,0,0,0,1,T
"Black Hat Cooperative",0,0,0,0,0,0,0,0,0,0,0,E
"Black Mirror",0,0,0,0,0,0,0,0,0,0,0,M
"Blackguards 2",0,0,0,0,0,0,0,0,0,0,0,M
"BLACKHOLE: Complete Edition",0,0,0,1,0,0,0,1,0,0,0,T
"Blacksad: Under the Skin",0,0,0,1,0,0,0,0,0,0,0,M
"Blade Strangers",0,0,0,0,0,0,0,0,0,0,0,T
"Bladed Fury",0,0,1,0,0,0,0,0,0,0,0,T
"Blair Witch",0,0,0,1,0,0,0,0,0,0,0,M
Blasphemous,0,0,0,0,0,0,0,0,0,0,0,M
"Blaster Master Zero",0,0,0,0,1,0,0,0,0,0,0,E
"Blaster Master Zero 2",0,0,0,0,1,0,0,0,0,0,0,ET
"Blasters of the Universe",0,0,0,1,0,0,0,0,0,0,0,T
"BlazBlue: Cross Tag Battle",0,0,0,0,0,0,0,0,0,0,0,T
"Blazing Chrome",0,0,0,1,0,0,0,0,0,0,0,T
"Bleed 2",0,0,0,0,0,0,0,0,0,0,0,T
Blightbound,0,0,0,0,0,0,0,0,0,0,0,T
"Blood & Truth",0,0,0,0,0,0,0,0,0,0,1,M
"Bloodstained:  Ritual of the Night",0,0,0,0,0,0,0,0,0,0,0,T
"Bloodstained: Curse of the Moon",0,0,0,1,0,0,0,0,0,0,0,T
"Bloody Zombies",0,0,0,0,0,0,0,0,0,0,0,M
"Blue Angels Aerobatic Flight Simulator",0,0,0,0,0,0,0,0,0,0,0,E
"Boiling Bolt",0,0,0,0,1,0,0,0,0,0,0,E
"Bomb Chicken",0,0,1,0,0,0,0,0,0,0,0,ET
"Bomber Crew",0,0,1,0,0,0,0,0,0,0,0,ET
"Bomber Crew: Complete Edition",0,0,1,0,0,0,0,0,0,0,0,ET
"Bonds of the Skies",1,0,1,0,0,0,0,0,0,0,0,ET
"Borderlands 2 VR",0,0,0,1,0,0,0,0,0,1,0,M
"Borderlands 3",0,0,0,1,0,0,0,0,0,0,0,M
"Borderlands Game of the Year",0,0,0,1,1,0,0,0,0,0,0,M
Boundless,0,0,1,0,0,0,0,0,0,0,0,ET
"Bounty Battle",0,0,1,0,0,0,0,0,0,0,0,ET
"Bow To Blood",1,0,0,1,0,0,0,0,0,0,0,ET
"Boxing Apocalypse",0,0,0,0,0,0,0,0,0,0,0,T
BoxVR,0,0,0,0,0,0,0,0,0,0,0,ET
"Bravo Team",0,0,0,0,0,0,0,0,0,0,0,T
Brawlout,0,0,1,0,0,0,0,0,0,0,0,ET
"Bridge Constructor Portal",0,0,1,0,0,0,0,0,0,0,0,ET
"Bridge Constructor Portal ",0,0,1,0,0,0,0,0,0,0,0,ET
"Brigandine: The Legend of Runersia",0,0,1,0,0,0,0,0,0,0,0,T
"BRIKS 2",0,0,0,0,0,0,0,0,0,0,0,M
"Bubble Bobble 4 Friends: The Baron is Back!",0,0,0,0,0,1,0,0,0,0,0,E
"Bubsy: Paws On Fire!",0,0,0,0,0,1,0,0,0,0,0,E
"Bubsy: The Woolies Strike Back",0,0,0,0,0,1,0,0,0,0,0,E
"Bud Spencer & Terence Hill - Slaps And Beans",0,0,1,0,0,0,0,0,0,1,0,T
"Budget Cuts",0,0,1,0,0,0,0,0,0,0,0,T
"BugsBox VR",0,0,0,0,1,0,0,0,0,0,0,E
Bugsnax,0,0,0,0,0,0,0,1,0,0,1,ET
"Bulb Boy",0,0,0,0,0,0,0,0,0,0,1,T
"Bunny Must Die! Chelsea and the 7devils.",0,0,1,0,0,0,0,0,0,0,0,T
"Burly Men at Sea",0,0,1,0,0,0,0,0,0,0,0,ET
"Burnout Paradise Remastered",0,0,0,0,0,0,1,0,0,0,0,ET
"Bus Simulator",0,0,0,0,0,0,0,0,0,0,0,E
"Bus Simulator 21",0,0,0,0,0,0,0,0,0,0,0,E
BUTCHER,0,0,0,0,0,0,0,0,0,0,0,M
"Butter & Friends: Babysitter Sim",0,0,0,0,0,0,0,0,0,0,0,E
"Call of Cthulhu",0,0,0,1,0,0,0,0,0,0,0,M
"Call of Duty: Warzone",0,0,0,0,0,0,0,0,0,0,0,M
"Call of DutyÂ®: Black Ops 4",0,0,1,1,0,0,0,0,0,0,0,M
"Call of DutyÂ®: Black Ops Cold War",0,0,0,0,0,0,0,1,0,0,0,M
"Call of DutyÂ®: Modern Warfare 2 Campaign Remastered",0,0,0,1,0,0,0,0,0,0,0,M
"Call of DutyÂ®: Modern WarfareÂ®",0,0,0,1,0,0,0,0,0,0,0,M
"Call of DutyÂ®: WWII",0,0,0,1,0,0,0,0,0,0,0,M
"Candle: The Power of the Flame",0,0,1,0,0,0,0,0,0,0,0,ET
"Capcom Beat em Up Bundle",0,0,0,0,0,0,0,0,0,0,1,T
"CAPTAIN TSUBASA: RISE OF NEW CHAMPIONS",0,0,0,0,0,0,0,0,0,0,0,ET
"Car Mechanic Simulator",0,0,0,0,0,0,0,0,0,0,0,E
"Carnival Games",0,1,0,0,0,0,0,0,0,0,0,ET
"CarX Drift Racing Online",0,0,0,0,0,0,0,0,0,0,0,E
"Casey Powell Lacrosse 18",0,0,0,0,0,0,0,0,0,0,0,E
"Castaway Paradise",0,0,0,0,0,0,0,0,0,0,0,E
"Castlevania Anniversary Collection",0,0,0,1,0,0,0,0,0,0,0,T
"Castlevania Requiem: Symphony of the Night & Rondo of Blood",0,0,0,0,0,0,0,0,0,0,0,T
"CAT Interstellar",0,0,1,0,0,0,0,0,0,0,0,ET
"Cat Quest II",0,0,1,0,0,0,0,0,0,0,0,ET
Catastronauts,0,0,1,0,0,0,0,0,0,0,0,ET
"Catch & Release",0,0,0,0,0,0,0,0,1,0,0,T
"Catherine: Full Body",0,0,0,0,0,0,0,0,0,0,0,M
"Caveman Warriors",0,0,1,0,0,0,0,0,0,0,0,ET
Celeste,1,0,0,1,0,0,0,0,0,0,0,ET
"Chaos on Deponia",0,1,0,0,0,0,0,0,0,0,0,T
Chariot,0,0,0,0,1,0,0,0,0,0,0,E
Chasm,0,0,1,0,0,0,0,0,0,0,0,T
"Chicken Assassin: Reloaded",0,0,1,0,0,0,0,0,0,0,0,T
"Chicken Range",0,0,0,0,0,0,1,0,0,0,0,ET
"Children of Morta",0,0,0,0,0,0,0,0,0,0,0,T
"Children of Zodiarcs",0,0,0,0,0,0,0,0,0,0,0,T
"Chronos: Before the Ashes",0,0,0,0,0,0,0,0,0,0,0,T
"Chronus Arc",0,0,1,0,0,0,0,0,0,0,0,ET
Circuits,0,0,0,0,0,0,0,0,0,0,0,E
"Citadel: Forged with Fire",0,0,0,0,0,0,0,0,0,0,0,T
"Cities: Skylines Parklife Edition",0,0,0,0,0,0,0,0,0,0,0,E
"City of Brass",0,0,0,0,0,0,0,0,0,0,1,T
"Claire: Extended Cut",0,0,0,0,0,0,0,0,0,0,0,M
CLANNAD,0,0,0,0,0,0,0,1,0,0,0,T
Claybook,0,0,0,0,0,0,0,0,0,0,0,E
"Close to the Sun",0,0,0,1,0,0,0,0,0,0,0,M
Cloudpunk,0,0,0,0,0,0,0,1,0,0,0,M
"Cluster Tumble",0,0,0,0,0,0,0,0,0,0,0,T
Clustertruck,0,0,0,0,0,0,1,0,0,0,0,E
"Cobra Kai: The Karate Kid Saga Continues",1,0,0,0,0,0,1,0,0,0,0,T
"CODE VEIN",0,0,0,0,0,0,0,0,0,0,0,M
"Code: Realize ~Bouquet of Rainbows~",0,0,1,0,0,0,0,0,0,0,0,T
"Code: Realize ~Wintertide Miracles~",0,0,0,0,0,0,1,0,0,0,0,T
"Code51: Mecha Arena",0,0,1,0,0,0,0,0,0,0,0,T
"Cold Iron",0,0,0,0,0,0,0,0,0,0,1,T
"COMMANDOS 2 & PRAETORIANS: HD REMASTER DOUBLE PACK",0,0,0,0,0,0,1,0,0,0,1,T
"Conan Exiles",0,0,0,1,0,0,0,0,0,1,0,M
Conarium,0,0,1,0,0,0,0,0,0,0,0,T
"Conception PLUS: Maidens of the Twelve Stars",0,0,1,0,0,0,0,0,0,0,0,M
"Concrete Genie",0,0,1,0,0,0,0,0,0,0,0,ET
"Construction Simulator 2 Console Edition",0,0,0,0,0,0,0,0,0,0,0,E
"Constructor Plus",0,0,0,1,0,0,0,1,0,0,0,T
"Contra Anniversary Collection",0,0,1,0,0,0,0,0,0,0,0,ET
"CONTRA ROGUE CORPS",0,0,0,0,0,0,0,0,0,0,0,M
Control,0,0,0,0,0,0,0,0,0,0,0,M
"Cooking Mama: Cookstar",0,0,0,0,0,0,0,0,0,0,0,E
CoolpaintrVR,0,0,0,0,0,0,0,0,0,0,0,E
"Corpse Killer",0,0,0,0,0,0,0,0,0,0,0,M
"Cosmic Star Heroine",0,0,0,1,0,0,0,0,0,0,0,T
"Costume Quest 2",0,0,1,0,0,0,0,0,0,0,0,ET
"Crash Bandicootâ„¢ 4: Its About Time",1,0,0,0,0,0,0,0,0,0,0,ET
"Crashâ„¢ Team Racing Nitro-Fueled",0,1,0,0,0,0,0,0,0,0,0,ET
Crawl,0,0,0,0,0,0,0,0,0,0,0,T
"Crayola Scoot",0,0,0,0,0,0,0,0,0,0,0,E
"Creature in the Well",0,0,0,0,1,0,0,0,0,0,0,E
"Creed: Rise to Glory",0,0,0,0,0,0,0,0,0,0,0,T
"Crisis on the Planet of the Apes",0,0,0,1,0,0,0,0,0,0,0,M
"Croixleur Sigma",0,0,1,0,0,0,0,0,0,0,0,ET
CrossCode,0,0,1,0,0,0,0,0,0,0,0,T
"Crossing Souls",0,0,0,0,0,0,0,1,0,0,0,M
"CROSSING SOULS",0,0,0,0,0,0,0,1,0,0,0,M
"Cruz Brothers",0,0,0,0,0,0,0,0,0,0,0,M
"Crypt of the NecroDancer",0,0,0,1,0,0,0,0,0,0,0,T
Cryptract,0,0,0,0,0,0,0,1,0,0,0,T
"Crysis Remastered",0,0,0,0,0,0,0,0,0,0,0,M
"Crystal Crisis",0,0,1,0,0,0,0,0,0,0,0,ET
CRYSTAR,0,0,0,0,0,0,1,0,0,0,0,T
"Cyberpunk 2077",0,0,0,1,0,0,0,0,0,0,1,M
"Dakar 18",0,0,0,0,0,0,0,0,0,0,0,E
"Damascus Gear Operation Osaka HD Edition",0,0,1,0,0,0,0,0,0,0,0,T
"Damascus Gear: Operation Osaka ",0,0,1,0,0,0,0,0,0,0,0,T
"Damascus Gear: Operation Tokyo",0,0,0,0,0,0,0,0,0,0,0,T
"DAN-GUN Feveron",0,0,0,0,1,0,0,0,0,0,0,E
Dandara,0,0,1,0,0,0,0,0,0,0,0,ET
"Danganronpa V3: Killing Harmony",0,0,1,0,0,0,0,0,0,0,0,M
"Dangerous Driving",0,0,0,0,0,0,1,0,0,0,0,ET
"Dark Devotion",0,0,0,0,0,0,0,0,0,0,0,M
"DARK ECLIPSE",0,0,1,0,0,0,0,0,0,0,0,T
"Dark Legion",0,0,0,0,0,0,0,0,0,0,0,M
"Dark Quest 2",0,0,0,1,0,0,0,0,0,0,0,T
"Darkest Dungeon",1,1,0,0,0,0,0,0,0,0,0,T
"Darksiders 3",0,0,0,0,0,0,0,0,0,0,0,M
"Darksiders Genesis",0,0,0,0,0,0,0,0,0,0,0,T
Darkwood,0,0,0,0,0,0,0,0,0,0,0,M
"DATE A LIVE: RIO-REINCARNATION",0,0,0,0,0,0,0,0,0,0,0,M
"Daymare: 1998",0,0,0,1,0,0,0,0,0,0,0,M
"Daymare: 1998 Black Edition",0,0,0,1,0,0,0,0,0,0,0,M
"Days Gone",0,0,0,0,0,0,0,1,0,0,0,M
DayZ,0,0,0,0,0,0,0,0,0,0,0,M
"DCL - The Game",0,0,0,0,0,0,0,0,0,0,0,E
"de Blob",0,0,0,0,0,1,0,0,0,0,0,E
"de Blob 2",0,0,0,0,0,1,0,0,0,0,0,ET
"Dead Age",0,0,0,0,0,0,0,0,0,0,0,M
"Dead Ahead: Zombie Warfare",0,0,0,0,0,0,0,0,0,0,0,T
"Dead by Daylight: Nightmare Edition",0,0,0,1,0,0,0,0,0,0,0,M
"Dead Cells",0,0,0,0,0,0,0,0,0,0,0,T
"Dead Cells: Prisoners Edition",0,0,0,0,0,0,0,0,0,0,0,T
"Dead Land",0,0,0,0,0,0,0,0,0,0,0,M
"DEAD OR ALIVE 6",0,0,0,0,0,0,0,0,0,0,0,M
"DEAD OR ALIVE 6: Core Fighters",0,0,0,0,0,0,0,0,0,0,0,M
"Dead Rising 4: Franks Big Package",0,0,0,1,0,0,0,0,0,0,0,M
"Dead Secret",0,0,0,0,0,0,0,0,0,0,0,T
DEADBOLT,0,0,0,0,0,0,0,1,0,0,1,T
Deadbolt,0,0,0,0,0,0,0,1,0,0,1,T
"Death end re",NULL,NULL,NULL,NULL,NULL,NULL,NULL,NULL,NULL,NULL,NULL,NULL
"Death end re",NULL,NULL,NULL,NULL,NULL,NULL,NULL,NULL,NULL,NULL,NULL,NULL
"Death Mark",0,0,0,0,0,0,0,0,0,0,0,M
"Death Road to Canada",0,0,0,0,0,0,0,0,0,0,0,T
"Death Stranding",0,0,0,1,0,0,0,0,0,0,0,M
"Deaths Gambit",0,0,0,0,0,0,0,0,0,1,0,T
"Decay of Logos",0,0,0,0,0,0,0,0,0,0,0,T
"Deer Hunter: Reloaded",0,0,0,0,0,0,0,0,0,0,0,T
"Defenders of Ekron - Definitive Edition",0,0,0,0,0,0,0,0,0,0,0,T
"Defenders Quest: Valley of the Forgotten ",0,0,0,1,0,0,0,0,0,0,0,T
"Defenders Quest: Valley of the Forgotten (DX)",0,0,0,1,0,0,0,0,0,0,0,T
"Defenders Quest: Valley of the Forgotten DX",0,0,0,1,0,0,0,0,0,0,0,T
"Defiance 2050",0,0,0,0,0,0,0,0,0,0,0,M
Defunct,0,0,0,0,0,0,0,0,0,0,0,E
Deiland,0,0,1,0,0,0,0,0,0,0,0,ET
"Deliver Us The Moon",0,0,1,0,0,0,0,0,0,0,0,T
"Demon Gaze II",0,0,0,1,0,0,0,0,0,0,0,T
"Demons Tier+",0,0,1,0,0,0,0,0,0,0,0,ET
Deracine,0,0,1,0,0,0,0,0,0,0,0,T
Descenders,0,0,0,0,0,0,0,0,0,0,0,E
"Descent ",0,0,1,0,0,0,0,0,0,0,0,ET
"Desert Child",0,0,1,0,0,0,0,0,0,0,0,M
"Desperados III",0,0,0,0,0,0,0,0,0,0,0,M
Destiny,0,0,0,0,0,0,0,0,0,0,0,T
"Destiny 2",0,0,0,0,0,0,0,0,0,0,0,T
"Destiny 2: Beyond Light",0,0,0,0,0,0,0,0,0,0,0,T
"Destiny 2: Forsaken",0,0,0,0,0,0,0,0,0,0,0,T
"Destiny 2: New Light",0,0,0,0,0,0,0,0,0,0,0,T
"Destiny 2: Shadowkeep",0,0,0,0,0,0,0,0,0,0,0,T
"Destiny Connect: Tick-Tock Travelers",0,0,1,0,0,0,0,0,0,0,0,ET
"Destiny: Le Roi Des Corrompus",0,0,0,0,0,0,0,0,0,0,0,T
"Destiny: The Taken King",0,0,0,0,0,0,0,0,0,0,0,T
"Destroy All Humans!",0,0,0,1,0,0,0,1,0,0,0,T
Detached,0,0,1,0,0,0,0,0,0,0,0,T
"Detective Gallo",0,0,0,0,0,0,0,0,0,0,0,ET
Detention,0,0,0,0,0,0,0,0,0,0,0,M
"Detroit: Become Human",0,0,0,0,0,0,0,0,0,0,0,M
"Devil May Cry 5",0,0,0,0,0,0,0,0,0,0,0,M
"Devil May Cry HD Collection",0,0,0,0,0,0,0,0,0,0,0,M
"Devious Dungeon",0,0,0,1,0,0,0,0,0,0,0,T
"Die for Valhalla!",0,0,0,0,0,0,0,0,0,0,0,T
"Digimon Story: Cyber Sleuth - Hackers Memory",0,0,0,0,0,0,0,1,0,0,0,T
"Dimension Drive",0,0,1,0,0,0,0,0,0,0,0,ET
"DIRT 5",0,0,0,0,0,0,0,0,0,0,0,E
"DiRT Rally 2.0",0,0,0,0,0,0,0,0,0,0,0,E
"Disaster Report 4: Summer Memories",0,0,0,0,0,0,0,0,0,0,1,T
"Disco Dodgeball Remix",0,0,1,0,0,0,0,0,0,0,0,ET
Discovery,0,0,0,0,0,0,0,0,0,0,0,E
"Disgaea 1 Complete",0,0,0,1,0,0,0,0,0,0,0,T
"Disgaea 4 Complete+",0,0,1,0,0,0,0,0,1,0,0,T
Disintegration,0,0,0,0,0,0,0,0,0,0,0,T
"Disney Classic Games: Aladdin and The Lion King",0,1,0,0,0,0,0,0,0,0,0,ET
"DISSIDIA FINAL FANTASY NT",0,0,0,0,0,0,0,0,0,0,0,T
"DISSIDIA FINAL FANTASY NT Standard Edition",0,0,0,0,0,0,0,0,0,0,0,T
Distrust,0,0,0,0,0,0,0,0,0,0,0,T
"Divinity: Original Sin 2 - Definitive Edition",0,0,0,0,0,0,0,0,0,0,0,M
"DJMAX RESPECT",0,0,0,0,0,0,0,0,0,0,0,T
"DOG GONE GOLFING",0,0,0,0,0,0,0,0,0,0,0,E
Dollhouse,0,0,0,0,0,0,0,0,0,0,0,M
"Domino Craft VR",0,0,0,0,0,0,0,0,0,0,0,E
"Dont Bite Me Bro!",0,0,0,0,0,0,0,0,0,0,0,T
"DONT EVEN THINK",0,0,0,0,0,0,0,0,0,0,0,T
"Dont Knock Twice",0,0,0,0,0,0,0,0,0,0,0,M
"Donut County",0,0,0,0,1,0,0,0,0,0,0,E
"DOOM 64",0,0,0,0,0,0,0,0,0,0,0,M
"DOOM Eternal",0,0,0,1,0,0,0,0,0,0,0,M
"DOOM Slayers Collection",0,0,0,1,0,0,0,0,0,0,0,M
"DOOM VFR",0,0,0,1,0,0,0,0,0,0,0,M
"Double Dragon 4",0,0,0,0,0,0,0,0,0,0,0,ET
"Double Switch â€“ 25th Anniversary Edition",0,0,0,0,0,0,1,0,0,0,0,T
"Doug Fluties Maximum Football 2019",0,0,0,0,0,0,0,0,0,0,0,E
"Downward Spiral: Horus Station",0,0,0,0,0,0,0,0,0,0,1,T
Downwell,0,0,1,0,0,0,0,0,0,0,0,ET
"Draculas Legacy",0,0,0,0,0,0,0,0,0,0,0,T
"DRAGON BALL FighterZ",0,1,0,0,0,0,0,0,0,0,0,T
"DRAGON BALL Z: KAKAROT",0,0,0,0,0,0,0,0,0,0,0,T
"Dragon Fantasy: Volumes of Westeria",1,0,0,0,0,1,0,0,0,0,0,ET
"Dragon Quest Builders 2",1,0,1,0,0,0,1,0,0,0,0,ET
"Dragon Quest XI S: Echoes of an Elusive Age - Definitive Edition",0,0,0,1,0,1,0,0,0,0,0,T
"Dragon Quest XI: Echoes of an Elusive Age ",0,0,0,1,0,1,0,0,0,0,0,T
"Dragon Sinker",0,0,1,0,0,0,0,0,0,0,0,ET
"Dragon Sinker: Descendants of Legend",0,0,1,0,0,0,0,0,0,0,0,ET
"Dragon Star Varnir",0,0,0,0,0,0,0,0,0,0,0,T
"Dragonfly Chronicles",0,0,0,0,0,0,0,0,0,0,0,T
"Dragons Crown Pro",0,0,0,0,0,0,0,0,0,0,0,T
"Dragons Lair Trilogy",0,0,0,1,0,0,0,0,0,0,0,T
Dragooned,0,0,0,0,0,0,0,0,0,0,0,T
"Dream Angling",0,0,0,0,0,0,0,0,0,0,0,E
"Dream Daddy: A Dad Dating Simulator",0,0,0,0,0,0,0,0,0,0,0,T
"Dream Match Tennis VR",0,0,0,0,0,0,0,0,0,0,0,E
Dreambreak,0,0,0,0,0,0,0,0,0,0,0,T
Dreams,0,0,1,0,0,0,0,0,0,0,0,T
"DreamWorks Dragons Dawn of New Riders",0,0,1,0,0,0,0,0,0,0,0,ET
"Drift Zone",0,0,0,0,0,0,0,0,0,0,0,E
"Drive On Moscow",0,0,1,0,0,0,0,0,0,0,0,ET
"Drunkn Bar Fight",0,0,0,0,0,0,0,0,0,0,0,M
"Duck Game",1,0,1,0,0,0,0,0,0,0,0,ET
"Dungeon of the Endless",0,0,1,0,0,0,1,0,0,0,0,T
"Dungeon Rushers",0,0,1,0,0,0,0,0,1,0,0,ET
"Dungeons 3",0,0,0,0,0,0,0,0,1,0,1,T
Dungreed,1,0,0,1,0,1,0,0,0,0,0,ET
"Dusk Diver",0,0,1,0,0,0,1,0,0,0,0,T
"Dust: An Elysian Tail",0,0,1,0,0,0,0,0,0,0,0,ET
"Dustoff Heli Rescue 2",0,0,1,0,0,0,0,0,0,0,0,ET
"Dusty Raging Fist",0,0,0,0,0,0,0,0,0,0,0,T
DWVR,0,0,0,0,0,0,0,0,0,0,0,T
"Dying Light: The Following - Enhanced Edition",0,0,0,1,0,0,0,0,0,0,0,M
"Dynasty Feud",1,0,1,0,0,0,0,0,0,0,0,ET
"Dynasty Warriors 9 Special Scenario Edition",1,0,0,0,0,0,0,0,0,0,0,T
"Dynasty Warriors 9 Special Weapon Edition ",1,0,0,0,0,0,0,0,0,0,0,T
"Dynasty WarriorsÂ® 9",1,0,0,0,0,0,0,0,0,0,0,T
"EA Sports UFC3",0,0,0,0,0,0,0,0,0,0,0,T
"EA SPORTSâ„¢ FIFA 21 Ã‰DITION NXT LVL",0,0,0,0,0,0,0,0,0,0,0,E
"EA SPORTSâ„¢ FIFA 21 NXT LEVEL EDITION",0,0,0,0,0,0,0,0,0,0,0,E
"EA SPORTSâ„¢ MADDEN NFL 21 Ã‰DITION NXT LVL",0,0,0,0,0,0,0,0,0,0,0,E
"EA SPORTSâ„¢ MADDEN NFL 21 NXT LEVEL EDITION",0,0,0,0,0,0,0,0,0,0,0,E
"Earth Atlantis",0,0,0,0,1,0,0,0,0,0,0,E
"EARTH DEFENSE FORCE 4.1 WING DIVER THE SHOOTER",0,0,0,1,0,0,0,0,0,0,0,T
"Earth Defense Force 5",0,0,0,0,0,0,0,0,0,0,0,T
Earthfall,0,0,0,0,0,0,0,0,0,0,0,T
EARTHLOCK,0,0,1,0,0,0,0,0,0,0,0,ET
EarthNight,0,0,1,0,0,0,0,0,0,0,0,ET
ECHO,0,0,0,0,0,0,0,0,0,0,0,M
Effie,1,0,0,1,0,0,0,0,0,0,0,ET
"eFootball PES 2020",0,0,0,0,0,0,0,0,0,0,0,E
"eFootball PES 2021 Season Update",0,0,0,0,0,0,0,0,0,0,0,E
Electronauts,0,0,0,0,0,0,0,0,0,0,0,E
"Elliot Quest",0,0,1,0,0,0,0,0,0,0,0,ET
"Emily Wants to Play Too",0,0,0,0,0,0,1,0,0,0,0,T
"Empire of Sin",1,0,0,0,0,0,0,0,0,0,0,M
"Energy Invasion",0,0,0,0,0,0,0,0,0,0,0,E
"Enter the Gungeon ",0,0,0,1,0,0,0,0,0,0,0,T
"Epic Dumpster Bear",0,0,0,0,0,0,0,0,0,0,0,ET
"Escape Game Fort Boyard",0,0,0,0,0,0,1,0,0,0,0,ET
"Escape Goat 2",0,0,0,0,1,0,0,0,0,0,0,E
ESPER,0,0,0,0,0,0,0,0,0,0,0,ET
Etherborn,0,0,0,0,0,0,0,0,0,0,0,E
Evasion,0,0,0,0,0,0,0,0,0,0,0,T
"EVEREST VR",1,0,0,0,0,0,0,0,0,0,0,E
"Everspace: Stellar Edition",0,0,0,1,0,0,1,1,0,0,0,T
"EVERSPACEâ„¢ - Encounters",0,0,0,0,0,0,0,0,0,0,0,T
"EVERSPACEâ„¢ Galactic Edition",0,0,0,1,0,0,1,1,0,0,0,T
"Everybodys Golf VR",0,0,0,0,0,0,0,0,0,0,0,E
"Evoland Legendary Edition",0,0,1,0,0,0,0,0,1,0,0,ET
"Exiles End",0,0,0,0,0,0,0,0,0,0,0,T
Expand,0,0,0,0,0,0,0,0,0,0,0,E
Extinction,0,0,0,0,0,0,0,0,0,0,0,M
"F1 2018",0,0,0,0,0,0,0,0,0,0,0,E
"F1 2019",0,0,0,0,0,0,0,0,0,0,0,E
"F1 2020",0,0,0,0,0,0,0,0,0,0,0,E
"F1 2020 Deluxe Schumacher Edition",0,0,0,0,0,0,0,0,0,0,0,E
"Factotum 90",0,0,0,0,0,0,0,0,0,0,0,E
"Fade to Silence",0,0,0,0,0,0,0,0,0,0,0,M
"FAIRY TAIL",1,0,0,1,0,0,0,0,1,0,0,T
"Fall Guys",0,0,0,0,0,1,0,0,0,0,0,E
"Fall of Light ",0,0,0,0,0,0,0,0,0,0,0,T
"Fallen A2P Protocol",0,0,0,0,0,0,0,0,0,0,0,M
"Fallen Legion: Flames of Rebellion",0,0,1,0,0,0,0,0,0,0,0,ET
"Fallen Legion: Sins of an Empire",0,0,1,0,0,0,0,0,0,0,0,ET
"Fallout 76 Wastelanders",0,0,0,0,0,0,0,1,0,0,0,M
"Fallout 76: Steel Dawn",0,0,0,0,0,0,0,1,0,0,0,M
"Fallout Shelter",1,0,0,0,0,0,0,0,1,0,0,T
"Family Feud",0,0,0,0,0,0,0,0,0,0,0,E
"Far Cry 3 Classic Edition",0,0,0,1,0,0,0,0,0,0,1,M
"Far Cry 5",0,0,0,1,0,0,0,0,0,0,0,M
"Far Cry New Dawn",0,0,0,0,0,0,0,0,0,0,1,M
"Far from Noise",0,0,0,0,0,0,0,0,0,0,0,T
"Farmers Dynasty",1,0,0,0,0,0,0,0,0,0,0,E
"Farming Simulator 15",0,0,0,0,0,0,0,0,0,0,0,E
"Farming Simulator 19",0,0,0,0,0,0,0,0,0,0,0,E
"Fast & Furious: Crossroads",0,0,0,0,0,0,1,0,0,0,0,T
"Fast Striker",0,0,0,0,1,0,0,0,0,0,0,E
"FATAL FURYâ„¢ BATTLE ARCHIVES VOL.2",0,0,0,0,0,0,0,0,0,0,0,T
"Fate/EXTELLA LINK",0,0,1,0,0,0,0,0,0,0,0,T
"fault - milestone one",0,0,0,0,0,0,0,0,0,1,1,T
Fe,0,0,0,0,1,0,0,0,0,0,0,E
"Fear Effect Sedna",0,0,0,0,0,0,0,0,0,0,0,M
"Feral Fury ",0,0,0,0,0,0,0,0,0,0,0,T
"Fernz Gate",0,0,1,0,0,0,0,0,0,0,0,ET
"FIFA 18",0,0,0,0,0,0,0,0,0,0,0,E
"FIFA 19",0,0,0,0,0,0,0,0,0,0,0,E
"FIFA 20",0,0,0,0,0,0,0,0,0,0,0,E
"FIFA 21",0,0,0,0,0,0,0,0,0,0,0,E
"FIGHTING EX LAYER",0,0,0,0,0,0,0,0,0,0,1,T
"Fill-a-Pix: Phils Epic Adventure",0,0,0,0,0,0,0,0,0,0,0,E
"FINAL FANTASY IX",0,0,0,0,0,0,0,0,0,0,1,T
"FINAL FANTASY VII Remake",0,0,0,0,0,0,0,0,0,0,0,T
"FINAL FANTASY XV POCKET EDITION HD",0,0,1,0,0,0,0,0,0,0,0,T
"FINAL FANTASY XV ROYAL EDITION",0,0,0,0,0,0,0,0,0,0,0,T
"Fire Pro Wrestling World",0,0,0,0,0,0,0,1,0,0,0,T
"Firefighters: Airport Fire Department",0,0,0,0,0,0,0,0,0,0,0,E
"Firefighters: Plant Fire Department",0,0,0,0,0,0,1,0,0,0,0,E
"Firewall: Zero Hour",0,0,0,0,0,0,0,0,0,0,0,T
"Fishing Master",0,0,0,0,0,0,0,0,0,0,0,E
"Fishing Planet",0,0,0,0,0,0,0,0,0,0,0,E
"Fishing Sim World",0,0,0,0,0,0,0,0,0,0,0,E
"Fishing Sim World: Bass Pro Shops Edition",0,0,0,0,0,0,0,0,0,0,0,E
"Fishing Sim World: Pro Tour Collectors Edition",0,0,0,0,0,0,0,0,0,0,0,E
"Fist of the North Star: Lost Paradise",0,0,0,1,0,0,0,0,0,0,1,M
"FIVE NIGHTS AT FREDDS: HELP WANTED",0,0,1,0,0,0,0,0,0,0,0,T
"Five Nights at Freddys VR: Help Wanted",0,0,1,0,0,0,0,0,0,0,0,T
"Five Nights at Freddys: Core Collection",0,0,1,0,0,0,0,0,0,0,0,T
"Five Nights at Freddys: Help Wanted",0,0,1,0,0,0,0,0,0,0,0,T
Flashback,0,0,1,0,0,0,0,0,0,0,0,ET
"Flight of Light",0,0,0,0,0,0,0,0,0,0,0,E
"Flipping Death",0,0,1,0,0,0,0,0,0,0,0,T
"Flipys Tesla! Lets invent the future",0,0,0,0,0,0,0,0,0,0,0,E
"Floor Kids",0,0,0,0,0,0,0,0,0,0,0,E
"Floor Plan",0,0,1,0,0,0,0,0,0,0,0,ET
"Flynn and Freckles",0,0,1,0,0,0,0,0,0,0,0,ET
"Football Nation VR 2018",0,0,0,0,0,0,0,0,0,0,0,E
"For Honor: Marching Fire Edition",0,0,0,1,0,0,0,0,0,0,0,M
"For The King",0,0,0,1,0,0,0,0,0,0,0,T
Forager,0,0,0,1,0,1,0,0,0,0,0,ET
"Forgotton Anne",0,0,1,0,0,0,0,0,0,0,0,ET
"FORGOTTON ANNE",0,0,1,0,0,0,0,0,0,0,0,ET
forma.8,0,0,1,0,0,0,0,0,0,0,0,ET
"Fort Defense",1,0,0,1,0,0,0,0,0,0,0,ET
Fortnite,0,0,0,0,0,0,0,0,0,0,1,T
"Fortnite - The Last Laugh Bundle",0,0,0,0,0,0,0,0,0,0,1,T
"Fortnite: Darkfire Bundle",0,0,0,0,0,0,0,0,0,0,1,T
"Fossil Hunters",0,0,0,0,1,0,0,0,0,0,0,E
"FOX N FORESTS",0,0,1,0,0,0,0,0,0,0,0,ET
"Frane: Dragons Odyssey",0,0,0,1,0,0,0,0,0,0,0,T
Frantics,0,0,0,0,0,1,0,0,0,0,0,E
"Freedom Finger",0,0,1,0,1,0,0,0,0,0,0,M
"Freedom Planet",0,0,1,0,0,0,0,0,0,0,0,ET
"Friday the 13th: The Game ",0,0,0,1,0,0,0,0,0,0,1,M
"Friday the 13th: The Game Ultimate Slasher Edition",0,0,0,1,0,0,0,0,0,0,0,M
"Frost ",0,0,0,0,0,0,0,0,0,0,0,T
Frostpunk,0,0,0,0,0,0,0,0,0,0,0,M
"Frutakia 2",0,0,0,0,0,0,0,0,0,0,0,E
FullBlast,0,0,0,0,0,0,0,0,0,0,0,ET
Fuser,0,0,0,0,0,0,1,0,0,0,0,T
"Future Unfolding",0,0,0,0,1,0,0,0,0,0,0,E
"Fuun Super Combo",0,0,0,0,0,0,0,0,0,0,0,T
"G.I. Joe: Operation Blackout",0,0,0,0,0,0,0,0,0,0,0,T
"Gal*Gun 2 ",0,0,0,0,0,0,0,0,0,0,0,M
"GAL*GUNVOLT BURST",0,0,0,0,1,0,0,0,0,0,0,E
GALAK-Z,0,0,1,0,0,0,0,0,0,0,0,ET
"GALAK-Z: The Void",0,0,1,0,0,0,0,0,0,0,0,ET
"Game Tengoku CruisinMix",0,0,1,0,0,0,0,0,0,0,0,T
"Game Tengoku CruisinMix Special",0,0,1,0,0,0,0,0,0,0,0,T
"Gang Beasts",0,0,1,0,0,0,0,0,0,0,0,ET
"Garfield Kart: Furious Racing",0,0,0,0,0,0,0,0,0,0,0,E
"GAROU: MARK OF THE WOLVESâ„¢",0,0,0,0,0,0,0,0,0,0,0,T
"Gate Of Doom",0,0,1,0,0,0,0,0,0,0,0,ET
"Gekido Kintaros Revenge",0,0,0,0,0,0,0,0,0,0,0,T
"Gene Rain",0,0,0,0,0,0,0,0,0,0,0,M
"Generation Zero",0,0,0,0,0,0,0,0,0,0,0,T
"Genesis Alpha One",0,0,0,0,0,0,0,0,0,0,0,M
"Get Over Here",0,0,1,0,0,0,0,0,0,1,0,T
"Ghost 1.0",0,0,1,0,0,0,0,0,0,0,0,ET
"Ghost Giant",0,0,0,0,0,0,0,0,0,0,0,E
"Ghost of a Tale",1,0,0,0,0,0,0,1,0,0,0,ET
"Ghost of Tsushima",0,0,0,1,0,0,0,0,0,0,0,M
"Ghost Parade",0,0,0,1,0,0,0,0,0,0,0,ET
"Ghostbusters: The Video Game Remastered",0,0,1,0,0,0,1,0,0,0,0,T
"Ghosts In The Toybox: Chapter 1",0,0,1,0,0,0,0,0,0,0,0,ET
"GIGA WRECKER ALT",0,0,0,1,0,0,0,0,0,0,0,T
"Gigantosaurus The Game ",0,0,0,0,0,1,0,0,0,0,0,E
"Giraffe and Annika",1,0,0,0,0,0,0,0,0,0,0,E
"Glass Masquerade",0,0,0,0,0,0,0,0,0,0,0,E
"Gnomes Garden 2",0,0,0,0,0,0,0,0,0,0,0,E
"Gnomes Garden 3: The thief of castles",0,0,0,0,0,0,0,0,0,0,0,E
"Gnomes Garden New Home",0,0,0,0,0,0,0,0,0,0,0,E
"GOD EATER 3",0,0,0,0,0,0,0,0,0,0,0,T
"God of War",0,0,0,1,0,0,0,0,0,0,0,M
"Golden Force",0,0,0,1,0,0,0,0,0,0,0,M
Golem,0,0,0,0,0,0,0,0,0,0,1,T
"Golf With Your Friends",0,0,0,0,0,0,0,0,0,0,0,ET
GoNNER,0,0,0,1,0,0,0,0,0,0,0,ET
"Google Tilt Brush",0,0,0,0,0,0,0,0,0,0,0,T
"Goosebumps Dead of Night",0,0,1,0,0,0,0,0,0,0,0,ET
GORN,0,0,0,1,0,0,0,0,0,0,0,M
Gorogoa,0,0,0,0,0,0,0,0,0,0,0,E
"Gotcha Racing 2nd",0,0,0,0,0,0,0,0,0,0,0,E
"Grab the Bottle",0,0,0,0,0,0,0,0,0,0,0,E
"Granblue Fantasy: Versus",0,0,0,0,0,0,0,0,0,0,0,T
"Grand Theft Auto V",0,0,0,1,0,0,0,0,1,0,0,M
"Grave Danger",0,0,1,0,0,0,0,0,0,0,0,ET
Gravel,0,0,0,0,0,0,0,0,0,0,0,E
"Graveyard Keeper",0,0,1,0,0,0,0,0,1,0,0,T
"Gravity Ghost: Deluxe Edition",0,0,0,0,0,0,1,0,0,0,0,ET
Greedfall,0,0,0,0,0,0,0,0,0,0,0,M
GRID,0,0,0,0,0,0,0,0,0,0,0,E
"Grim Fandango Remastered",0,0,0,1,0,0,0,0,0,0,0,T
"Grim Legends 3: The Dark City",0,0,0,0,0,0,0,0,0,0,1,T
GRIP,0,0,1,0,0,0,0,0,0,0,0,ET
GRIS,0,0,0,0,0,0,0,0,0,0,0,E
"Growtopia ",0,0,1,0,0,0,0,0,0,0,0,ET
"Guacamelee! 2",1,0,0,1,0,0,0,0,0,0,0,ET
"Guacamelee! One-Two Punch Collection",0,0,1,0,0,0,0,0,0,0,0,ET
"Guilt Battle Arena",0,0,1,0,0,0,0,0,0,0,0,ET
"Gunducky Industries",0,0,1,0,0,0,0,0,0,0,0,ET
"GUNGRAVE VR",0,0,0,0,0,0,0,0,0,0,0,T
"GUNGRAVE VR U.N",0,0,0,0,0,0,0,0,0,0,0,T
Gunhouse,0,0,1,0,0,0,0,0,0,0,0,ET
"Guns Gore and Cannoli 2",0,0,0,0,0,0,0,0,0,0,0,T
"Guns of Icarus Alliance",0,0,1,0,0,0,0,0,0,0,0,T
"Gunvolt Chronicles: Luminous Avenger iX",0,0,0,1,0,0,0,0,0,0,0,T
"Guts and Glory",0,0,0,0,0,0,0,0,0,0,0,M
"H1Z1: Battle Royale",0,0,0,0,0,0,0,0,0,0,0,T
HackyZack,0,0,0,0,0,0,0,0,0,0,0,E
Haimrik,0,0,0,0,0,0,0,0,0,0,0,M
HAJWALA,0,0,0,0,0,0,0,0,0,0,0,E
"Halloween Forever",0,0,0,1,0,1,0,0,0,0,0,ET
Hammerwatch,0,0,0,1,0,0,0,0,0,0,0,T
"Hand of Fate 2",1,0,0,0,0,0,0,0,0,0,0,T
"Hand of the Gods: SMITE Tactics",0,0,0,0,0,0,0,0,0,0,1,T
"Happy Drummer",0,0,0,0,0,0,0,0,0,0,0,E
"Happy Drummer VR",0,0,0,0,0,0,0,0,0,0,0,E
"Harvest Moon: Light of Hope Special Edition",0,0,0,0,0,0,0,0,0,0,0,E
"Harvest Moon: Mad Dash",0,0,0,0,0,0,0,0,0,0,0,E
"Harvest Moon: One World",0,0,0,0,0,0,0,0,0,0,0,E
"Haunted Dungeons "Hyakki Castle"",0,0,0,0,0,0,0,0,0,0,0,T
Headlander,0,0,1,0,0,0,0,0,0,0,0,T
"Heavy Fire: Red Shadow",0,0,0,0,0,0,0,0,0,0,0,T
"Hell Warders",0,0,0,0,0,0,1,0,0,0,0,T
"Hellblade: Senuas Sacrifice",0,0,0,1,0,0,0,0,0,0,0,M
"Hellmut - The Badass From Hell TM",0,0,0,0,0,0,0,0,0,0,0,T
"Hello Neighbor",0,0,0,0,0,0,1,0,0,0,0,ET
"Hello Neighbor: Hide and Seek",0,0,0,0,0,0,1,0,0,0,0,T
Hellpoint,0,0,0,0,0,0,0,0,0,0,0,M
"Hero Defense",0,0,1,0,0,0,0,0,0,0,0,ET
"Hero Must Die. again",0,0,1,0,0,0,0,0,0,0,0,T
"Heroine Anthem Zero Episode 1",0,0,0,0,0,0,0,0,0,0,0,T
Heroland,0,0,1,0,0,0,0,0,0,0,0,T
"Heroland - Knowble Edition",0,0,1,0,0,0,0,0,0,0,0,T
"Hex Tunnel",0,0,0,0,0,0,0,0,0,0,0,E
"Hex Tunnel Touch",0,0,0,0,0,0,0,0,0,0,0,E
"HEX: Card Clash",0,0,0,0,0,0,0,1,0,0,0,T
"Hidden Agenda",0,0,1,0,0,0,0,0,0,0,0,M
"Hidden Dragon Legend",0,0,0,0,0,0,0,0,0,0,0,M
"HITMAN 2",0,0,0,1,0,0,0,0,0,0,0,M
"HITMAN 2: Free Starter Pack",0,0,1,1,0,0,0,0,0,0,0,M
"HITMAN 3",0,0,1,1,0,0,0,0,0,0,0,M
"Hitman: Definitive Edition",0,0,0,0,0,0,0,0,0,0,0,M
"Hitman: Game of the Year Edition",0,0,0,0,0,0,0,0,0,0,0,M
"HIVE: Altenum Wars",0,0,0,0,0,0,0,0,0,0,0,T
Hob,0,0,0,1,0,0,0,0,0,0,0,T
"Hollow Knight",0,0,1,0,0,0,0,0,0,0,0,ET
"Holy Potatoes! Compendium",1,0,1,0,0,0,0,0,0,0,0,ET
Home,1,0,0,0,0,0,0,0,0,0,0,T
"Home Run Derby VR",0,0,0,0,0,0,0,0,0,0,0,E
"Home Sweet Home",0,0,0,0,0,0,0,0,0,0,0,M
"HomeStarVR for PlayStationVR",1,0,0,0,0,0,0,0,0,0,0,E
"Honor and Duty: D-Day",0,0,0,0,0,0,0,0,0,0,0,T
"Hopalong: The Badlands",0,0,0,0,0,0,0,0,0,0,1,T
"Horizon Chase Turbo",0,0,0,0,0,0,0,0,0,0,0,E
"Hotel Transylvania 3 Monsters Overboard",0,0,1,0,0,0,0,0,0,0,0,ET
"Hotline Miami",0,0,1,0,0,0,0,0,0,0,0,M
"Hotline Miami 2: Wrong Number ",0,0,0,1,0,0,0,0,0,0,0,M
"House Flipper",0,0,0,0,0,0,0,0,0,0,0,E
Hover,0,0,0,0,0,0,0,0,0,0,0,E
HUE,0,0,0,0,1,0,0,0,0,0,0,E
"Human Fall Flat",0,0,0,0,0,0,0,0,0,0,0,E
"Hungry Shark World",0,0,0,0,0,0,0,0,0,0,0,T
"Hunt: Showdown",0,0,0,0,0,0,0,0,0,0,0,M
"Hunting Simulator 2",0,0,0,0,0,0,0,0,0,0,0,T
"Hyper Jam",0,0,0,0,0,0,0,0,0,0,0,T
"Hyper Sentinel",0,0,0,0,1,0,0,0,0,0,0,E
"I Hate Running Backwards",0,0,0,1,0,0,0,0,0,0,0,T
"Ice Age: Scrats Nutty Adventure",0,0,0,0,0,1,0,0,0,0,0,E
ICEY,0,0,1,0,0,0,0,0,0,0,0,ET
Iconoclasts,0,0,0,0,0,0,0,0,0,0,0,T
IKARUGA,0,0,1,0,0,0,0,0,0,0,0,ET
Ikaruga,0,0,1,0,0,0,0,0,0,0,0,ET
"Illusion of LPhalcia",0,0,1,0,0,0,0,0,0,0,0,ET
"Illusion: A Tale of the Mind",0,0,0,0,0,0,1,0,0,1,0,ET
"Immortal Realms: Vampire Wars",0,0,0,0,0,0,0,0,0,0,0,M
"Immortal Redneck",0,0,0,0,0,0,0,0,0,0,0,M
"Immortal: Unchained",0,0,0,0,0,0,0,0,0,0,0,T
"Immortals Fenyx Rising",0,0,0,0,0,0,0,0,0,0,0,T
"Impact Winter",0,0,1,0,0,0,0,0,0,0,1,T
"Inception VR",0,0,0,0,0,0,0,0,0,0,0,M
"INDIGO PROPHECY",0,0,0,0,0,0,0,0,0,0,0,M
Indivisible,0,0,0,1,0,0,0,0,0,0,0,T
"Inertial Drift",0,0,0,0,0,0,0,0,0,0,0,E
Infernium,0,0,0,0,0,0,0,1,0,0,0,M
"INFERNO CLIMBER: REBORN",0,0,0,0,0,0,0,0,0,0,1,T
INK,0,0,0,0,0,0,0,0,0,0,0,E
Inksplosion,0,0,0,0,1,0,0,0,0,0,0,E
InnerSpace,0,0,0,0,0,0,0,0,0,0,0,E
"Insane Robots",0,0,0,0,1,0,0,0,0,0,0,E
INSIDE,0,0,0,0,0,0,0,0,0,0,0,M
Invector,0,0,0,0,0,0,0,0,0,0,0,T
"Ion Fury",0,0,1,0,0,0,0,0,0,0,0,M
Iris.Fall,0,0,0,0,1,0,0,0,0,0,0,E
"IRON CRYPTICLE",0,0,0,1,0,0,0,0,0,0,0,T
"Is It Wrong to Try to Pick Up Girls in a Dungeon? Familia Myth Infinite Combate",0,0,0,1,0,0,0,0,0,0,0,T
"Is It Wrong to Try to Pick Up Girls in a Dungeon? Infinite Combate",0,0,0,1,0,0,0,0,0,0,0,T
"Island Flight Simulator",1,0,0,0,0,0,0,0,0,0,0,E
"Island Time",0,0,1,0,0,0,0,0,0,0,0,ET
"Its Quiz Time",0,0,0,0,0,0,0,0,0,0,0,E
"Jagged Alliance: Rage!",0,0,0,0,0,0,0,0,0,0,0,M
"Jak & Daxter The Precursor Legacy",0,0,1,0,0,0,1,0,0,0,0,ET
"Jak 3",0,0,1,0,0,0,0,0,0,0,0,T
"Jak II",0,0,0,1,0,0,0,0,0,0,0,T
"Jak X: Combat Racing",0,0,1,0,0,0,0,0,0,0,0,T
Jamestown+,0,0,1,0,0,0,0,0,0,0,0,ET
"Jettomero: Hero of the Universe",0,0,1,0,0,0,0,0,0,0,0,ET
"Joes Diner",1,0,0,0,0,0,0,0,0,0,0,ET
"John Wick Hex",0,0,0,0,0,0,0,0,0,0,0,M
"Jolt Family Robot Racer",0,0,0,0,0,0,0,0,0,0,0,E
"Journey Collectors Edition",0,0,0,0,1,0,0,0,0,0,0,E
"Journey to the Savage Planet",0,0,0,0,0,0,0,0,0,0,1,T
Judgment,0,0,0,0,0,0,0,0,0,0,0,M
"Jumanji The Video Game",0,0,0,0,0,0,0,0,0,0,1,T
"JUMP FORCE",0,0,0,0,0,0,0,0,0,0,0,T
"Jupiter & Mars",0,0,0,0,1,0,0,0,0,0,0,E
"Jurassic World Evolution",0,0,0,0,0,0,0,0,0,0,0,T
"Just Cause 4",0,0,0,1,0,0,0,0,0,0,0,M
"Just Dance 2018",0,0,0,0,0,0,0,0,0,0,0,ET
"Just Dance 2019",0,0,0,0,0,0,0,0,0,0,0,E
"Just Dance 2020",0,0,0,0,0,0,1,0,0,0,0,ET
"Just Dance 2021",0,0,0,0,0,0,0,0,0,0,0,E
"Just Deal With It!",0,0,0,0,0,0,0,0,0,0,0,T
"Just In Time Incorporated",0,0,0,0,0,0,0,0,0,0,0,T
"Justice League VR: The Complete Experience",0,0,0,0,0,0,0,0,0,0,1,T
JYDGE,0,0,0,0,0,0,0,0,0,0,0,T
Kabounce,0,0,1,0,0,0,0,0,0,0,0,ET
"Kandagawa Jet Girls",0,0,1,0,0,0,0,0,0,0,0,T
"Kandagawa Jet Girls "Racing Hearts Edition"",0,0,1,0,0,0,0,0,0,0,0,T
"Katamari Damacy REROLL",0,0,0,0,1,0,0,0,0,0,0,E
"Kaze and the Wild Masks",0,0,0,0,1,0,0,0,0,0,0,E
"Kentucky Route Zero: TV Edition",0,0,0,0,0,0,0,0,0,0,0,T
"Kerbal Space Program",0,0,0,0,0,0,0,0,0,0,0,E
"Kero Blaster",0,0,0,0,1,0,0,0,0,0,0,E
"Kill la Kill - IF",0,0,0,0,0,0,0,0,0,0,0,M
"Kill The Bad Guy",0,0,0,0,0,0,0,0,1,0,1,M
"Killing Floor: Incursion",0,0,0,0,0,0,0,0,0,0,0,M
"Killing Floor: Incursion ",0,0,0,1,0,0,0,0,0,0,0,M
"Kingdom Come: Deliverance",0,0,0,1,0,0,0,0,0,0,1,M
"Kingdom Hearts 3",1,0,0,1,0,0,0,0,0,0,0,ET
"KINGDOM HEARTS Melody of Memory",0,0,1,0,0,0,0,0,0,0,0,ET
"Kingdom Two Crowns",0,0,1,0,0,0,0,0,0,0,0,ET
"Kingdom: New Lands",0,0,1,0,0,0,0,0,0,0,0,ET
"Kingdoms of Amalur: Re-Reckoning",0,0,0,1,0,0,0,0,0,1,0,M
"Knights and Bikes",1,0,0,0,0,0,1,1,0,0,0,ET
"Knights of Pen and Paper +1 Deluxier Edition",0,0,0,0,0,0,0,0,0,0,0,T
"Knights of Valour",0,0,1,0,0,0,0,0,0,0,0,T
"Knockout League",0,0,0,0,0,0,0,0,0,0,1,T
"Knowledge Is Power",0,0,0,0,0,0,0,1,0,0,0,T
"Koihime Enbu RyoRaiRai",0,0,0,0,0,0,0,0,0,0,1,T
"Konrad the Kitten",1,0,0,0,0,0,0,0,0,0,0,E
"Kotodama: The 7 Mysteries of Fujisawa",0,0,0,0,0,0,0,1,0,0,0,T
"L.A. Noire",0,0,0,0,0,0,0,0,0,0,0,M
"L.A. Noire: The VR Case Files",0,0,0,0,0,0,0,0,0,0,0,M
"LA-MULANA 1 & 2",0,0,1,0,0,0,0,0,0,0,0,T
"LA-MULANA 1 & 2 Hidden Treasures Edition",0,0,1,0,0,0,0,0,0,0,0,T
"Labyrinth of Refrain: Coven of Dusk",0,0,0,0,0,0,0,0,0,0,0,M
"Langrisser I & II",0,0,1,0,0,0,0,0,0,0,0,T
"Lapis x Labyrinth",0,0,1,0,0,0,0,0,0,0,0,ET
"Laser League",0,0,1,0,0,0,0,0,0,0,0,ET
"Last Day of June",0,0,0,0,0,0,1,0,0,0,0,E
"Late Shift",0,0,0,0,0,0,0,0,0,0,0,M
"Laws of Machine",0,0,0,0,0,0,0,0,0,0,0,E
"Layers of Fear : Masterpiece Edition ",0,0,0,0,0,0,0,0,0,0,0,M
"League of Evil",0,0,0,1,0,0,0,0,0,0,0,T
"League of War: VR Arena",0,0,0,0,0,0,0,0,0,0,1,T
"Left Alive",0,0,0,1,0,0,0,0,0,0,0,M
"Legend of the Tetrarchs",1,0,0,1,0,0,0,0,0,0,0,ET
"Legendary Eleven",0,0,0,0,0,0,0,0,0,0,0,E
"Legendary Fishing",0,0,0,0,0,0,0,0,0,0,0,E
"LEGO DC Super-Villains",0,1,0,0,0,0,0,0,0,0,0,ET
"LEGO Marvel Super Heroes 2",0,1,0,0,0,0,0,0,0,0,0,ET
"LEGO The Incredibles",0,1,0,0,0,0,0,1,0,0,0,ET
"Les Simsâ„¢ 4 Ã la fac",0,0,0,0,0,0,0,0,0,0,0,T
"Les Simsâ„¢ 4 Escapade enneigÃ©e ",0,0,0,0,0,0,0,0,0,0,0,T
"Les Simsâ„¢ 4 Star Warsâ„¢: Voyage sur Batuu ",0,0,0,0,0,0,0,0,0,0,0,T
"Let Them Come",0,0,0,0,0,0,0,0,0,0,0,M
"Lethal League",0,0,1,0,0,0,0,0,0,0,0,ET
"Lets Create! Pottery VR",0,0,0,0,0,0,0,0,0,0,0,E
"Lets Sing 2018",0,0,0,1,0,0,0,1,0,0,0,T
"Lets Sing Country",0,0,0,0,0,0,0,0,0,0,0,T
Lichtspeer,0,0,0,0,0,0,0,0,0,0,0,T
"Lichtspeer: Double Speer Edition",0,0,0,0,0,0,0,0,0,0,0,T
"Life is Strange 2 Complete Season",0,0,0,0,0,0,0,0,0,0,0,M
"Life is Strange 2 Episode 2",0,0,1,0,0,0,0,0,0,0,0,M
"Life is Strange 2: Episode 1",0,0,1,0,0,0,0,0,0,0,0,M
"Life is Strange: Before the Storm",0,0,0,0,0,0,0,0,0,0,0,M
"Life is Strange: Before the Storm Episode 1",0,0,0,0,0,0,0,0,0,0,0,M
"Life is Strange: Before the Storm Episode 2",0,0,0,0,0,0,0,0,0,0,0,M
"Life is Strange: Before the Storm Episode 3",0,0,0,0,0,0,0,0,0,0,0,M
"Life of Pixel",0,0,0,0,1,0,0,0,0,0,0,E
"Lifeless Planet: Premier Edition",0,0,0,0,0,0,0,0,0,0,0,T
"Light Tracer",0,0,0,0,1,0,0,0,0,0,0,E
LIGHTFIELD,0,0,0,0,0,0,0,0,0,0,0,E
"Little Adventure on the Prairie",0,0,1,0,0,0,0,0,0,0,0,ET
"Little Dragons CafÃ©",0,0,0,0,0,0,0,0,0,0,0,ET
"Little Nightmares II",0,0,0,0,0,0,0,0,0,0,0,T
"Little Red Lie",0,0,0,0,0,0,0,0,0,0,0,M
"Little Town Hero",0,0,1,0,0,0,1,0,0,0,0,ET
"Little Witch Academia: Chamber of Time",0,0,0,0,0,0,0,0,0,0,0,T
"LocoRoco 2",0,0,0,0,1,0,0,0,0,0,0,E
"London Detective Mysteria",0,0,0,0,0,0,0,0,0,0,0,M
"Los Simsâ„¢ 4",0,0,0,0,0,0,0,0,0,0,0,T
"Los Simsâ„¢ 4 Dias de Universidad",0,0,0,0,0,0,0,0,0,0,0,T
"Los Simsâ„¢ 4 Star Warsâ„¢: Viaje a Batuu ",0,0,0,0,0,0,0,0,0,0,0,T
"Los Simsâ„¢ 4 Vida IsleÃ±a",0,0,0,0,0,0,0,0,0,0,0,T
"Lost Sphear",0,0,1,0,0,0,0,0,0,0,0,ET
"LUMINES REMASTERED",0,0,0,0,0,0,0,0,0,0,0,ET
"Lumines Remastered",0,0,0,0,0,0,0,0,0,0,0,ET
"Lunar Stone: Origin of Blood",0,0,0,0,0,0,0,0,0,0,0,T
"Lunch Truck Tycoon 2",0,0,0,0,0,0,1,0,0,0,0,ET
"Mad Rat Dead",0,1,0,0,0,0,0,0,0,0,0,T
"Madden NFL 19",0,0,0,0,0,0,0,0,0,0,0,E
"Madden NFL 20",0,0,0,0,0,0,0,0,0,0,0,E
"Madden NFL 21",0,0,0,0,0,0,0,0,0,0,0,E
"Mafia II: Definitive Edition",0,0,0,0,0,0,0,0,0,0,0,M
"Mafia III: Definitive Edition",0,0,0,1,0,0,0,0,0,0,1,M
"Mafia: Definitive Edition",0,0,1,0,0,0,0,0,0,0,0,M
"Mages of Mystralia",0,0,1,0,0,0,0,0,0,0,0,ET
"Magic Knight Grand Charion",0,0,1,0,0,0,0,0,0,0,0,ET
"Mahjong Carnival",0,0,0,0,0,0,0,0,0,0,0,E
"Mahjong Gold",0,0,0,0,0,0,0,0,0,0,0,E
"Mahjong Royal Towers",0,0,0,0,0,0,0,0,0,0,0,E
"Mahjong World Contest",0,0,0,0,0,0,0,0,0,0,0,E
"Maid of Sker",0,0,0,0,0,0,0,0,0,0,0,M
Maize,0,0,0,0,0,0,0,0,0,0,0,T
Maneater,0,0,0,0,0,0,0,1,0,0,0,M
"Manifest 99",0,0,1,0,0,0,0,0,0,0,0,ET
"Mantis Burn Racing",0,0,0,0,0,0,1,0,0,0,0,ET
Maquette,1,0,0,0,0,0,0,0,0,0,0,ET
"Marble Duel",0,0,0,0,1,0,0,0,0,0,0,ET
"Marenian Tavern Story: Patty and the Hungry God",0,0,1,0,0,0,1,0,0,0,0,ET
"Maria The Witch",0,0,0,0,0,0,0,0,0,0,0,E
Marooners,0,0,0,0,1,0,0,0,0,0,0,E
"MARS ODYSSEY",0,0,0,0,0,0,0,0,0,0,0,E
"MARVELS AVENGERS",0,0,0,0,0,0,0,0,0,0,0,T
"Marvels Guardians of the Galaxy: The Telltale Series - Dont Stop Believin",0,0,0,0,0,0,0,0,0,1,0,T
"Marvels Guardians of the Galaxy: The Telltale Series - Who Needs You",0,0,0,0,0,0,0,0,0,1,0,T
"Marvels Iron Man VR",0,0,0,0,0,0,0,0,0,0,1,T
"Marvels Spider-Man",0,0,1,0,0,0,0,0,0,0,0,T
"Marvels Spider-Man: Game of the Year Edition",0,0,1,0,0,0,0,0,0,0,0,T
"Marvels Spider-Man: Miles Morales",0,0,1,0,0,0,0,0,0,0,0,T
"Masters of Anima",0,0,1,0,0,0,0,0,0,0,0,ET
"Max: The Curse of Brotherhood",0,0,1,0,0,0,0,0,0,0,0,ET
"Maximum Football 2018",0,0,0,0,0,0,0,0,0,0,0,E
MechaNika,0,0,0,0,0,0,0,0,0,0,0,M
"Mecho Tales",0,0,1,0,0,0,0,0,0,0,0,ET
"Mecho Wars: Desert Ashes",0,0,1,0,0,0,0,0,0,0,0,ET
MediEvil,0,0,0,0,0,0,0,0,0,0,0,T
"Mega Man 11",0,1,0,0,0,0,0,0,0,0,0,ET
"Mega Man X Legacy Collection",0,1,0,0,0,0,0,0,0,0,0,T
"Mega Man X Legacy Collection 2",0,1,0,0,0,0,1,0,0,0,0,T
"Mega Man Zero/ZX Legacy Collection",0,0,1,0,0,0,0,0,0,0,0,T
"Mega Party: A Tootuff Adventure",0,0,0,0,0,1,0,0,0,0,0,T
"Megadimension Neptunia VIIR",0,0,1,0,0,0,0,0,0,0,0,T
"Megaton Rainfall",0,0,0,0,0,0,0,0,0,0,1,T
"Mercenaries Wings: The False Phoenix",0,0,1,0,0,0,0,0,0,0,0,T
"Mercenary Kings",0,0,0,0,0,0,1,0,0,0,1,T
"Metal Gear Survive",0,0,0,0,0,0,0,0,0,0,0,M
"METAL MAX Xeno",0,0,0,0,0,0,0,0,0,0,1,T
"METAL SLUG 3",0,0,0,0,0,0,0,0,0,0,0,T
"METAL SLUG ANTHOLOGYâ„¢",0,0,0,0,0,0,0,0,0,0,0,T
"METAL SLUG XX",0,0,0,0,0,0,0,0,0,0,0,T
"Metal Wolf Chaos XD",0,0,0,0,0,0,0,0,0,0,0,T
"Metro Exodus",0,0,0,1,0,0,0,0,0,0,0,M
"Metropolis: Lux Obscura",0,0,1,0,0,0,0,0,0,0,1,M
"Midnight Deluxe",0,0,0,0,0,0,0,0,0,0,0,E
"Mighty Gunvolt Burst",0,0,0,0,1,0,0,0,0,0,0,E
"Mighty Switch Force! Collection",0,0,1,0,0,0,0,0,0,0,0,ET
"Miko Gakkou Monogatari: Kaede Episode",0,0,0,0,0,0,0,0,0,0,0,T
Milanoir,0,0,0,0,0,0,0,0,0,0,0,M
Minecraft,0,0,1,0,0,0,0,0,0,0,0,ET
"Minecraft Dungeons",0,0,1,0,0,0,0,0,0,0,0,ET
"Minecraft: Story Mode - Season Two - Episode 3: Jailhouse Block",0,0,1,0,0,0,0,0,0,0,0,ET
"Minecraft: Story Mode - Season Two - Episode 4: Below the Bedrock",0,0,1,0,0,0,0,0,0,0,0,ET
"Minecraft: Story Mode - Season Two - Episode 5: Above and Beyond",0,0,1,0,0,0,0,0,0,0,0,ET
Minefield,0,0,0,0,0,0,0,0,0,0,0,E
Minit,0,0,0,0,1,0,0,0,0,0,0,E
MINIT,0,0,0,0,1,0,0,0,0,0,0,E
"Minotaur Arcade Vol. 1",0,0,0,0,1,0,0,0,0,0,0,ET
"Mitch: Berry Challenge",0,0,0,0,0,0,0,0,0,0,0,E
"MLB The Show 18",0,0,0,0,0,0,0,0,0,0,0,E
"MLB The Show 19",0,0,0,0,0,0,0,0,0,0,0,E
"MLB The Show 20",0,0,0,0,0,0,0,0,0,0,0,E
"Momodora: Reverie Under the Moonlight",0,0,1,0,0,0,0,0,0,0,0,T
"Monkey King Hero is Back",0,0,1,0,0,0,0,0,0,0,0,T
"Monochrome Order",0,0,0,1,0,0,0,0,0,0,1,T
"Monster Boy and the Cursed Kingdom",0,0,1,0,0,0,0,0,0,1,0,ET
"Monster Energy Supercross - The Official Videogame",0,0,0,0,0,0,0,0,0,0,0,E
"Monster Energy Supercross - The Official Videogame 2",0,0,0,0,0,0,0,0,0,0,0,T
"Monster Energy Supercross - The Official Videogame 3",0,0,0,0,0,0,0,0,0,0,0,E
"Monster Energy Supercross - The Official Videogame 4",0,0,0,0,0,0,0,0,0,0,0,E
"Monster Hunter: World",0,0,0,0,0,0,0,0,0,1,1,T
"Monster Jam Steel Titans",0,0,0,0,0,0,0,0,0,0,0,E
"Monster Jam Steel Titans 2",0,0,0,0,0,0,0,0,0,0,0,E
"MONSTER OF THE DEEP: FINAL FANTASY XV",0,0,0,0,0,0,0,0,0,0,0,T
"Monster Slayers ",0,0,0,0,0,0,0,0,0,0,0,T
"Monster Truck Championship",0,0,0,0,0,0,0,0,0,0,0,E
Monstrum,0,0,0,0,0,0,0,0,0,0,0,M
"Moonfall Ultimate",0,0,0,1,0,0,0,0,0,0,0,T
Moonlighter,0,0,1,0,0,0,0,0,0,0,0,ET
Morphite,0,0,0,0,0,0,0,0,0,0,1,T
"Mortal Kombat 11",0,0,0,1,0,0,0,0,0,0,0,M
"Mortal Kombat 11 Aftermath",0,0,0,1,0,0,0,0,0,0,0,M
"Mortal Shell",0,0,0,0,0,0,0,0,0,0,0,M
Moss,0,0,1,0,0,0,0,0,0,0,0,ET
MOTHERGUNSHIP,0,0,1,0,0,0,0,0,0,0,0,T
MotoGP19,0,0,0,0,0,0,0,0,0,0,0,E
MotoGP20,0,0,0,0,0,0,0,0,0,0,0,E
MotoGPâ„¢18,0,0,0,0,0,0,0,0,0,0,0,E
"Moving Out",0,0,0,0,0,1,0,0,0,0,0,E
"MudRunner: A Spintires Game",0,0,0,0,0,0,0,0,0,0,0,E
Mugsters,0,0,0,0,0,0,0,0,0,0,0,T
Mulaka,0,0,0,0,0,0,0,0,0,0,0,T
Musynx,0,0,0,0,0,0,0,0,0,0,0,ET
"Mutant Football League",0,0,0,0,0,0,0,1,0,0,0,M
"Mutant Football League ",0,0,0,0,0,0,0,1,0,0,0,M
"Mutant Football League: Dynasty Edition",0,0,0,0,0,0,0,1,0,0,0,M
"Mutant Year Zero: Road to Eden",0,0,0,0,0,0,0,0,0,0,0,M
Mutazione,0,0,0,0,0,0,0,0,0,0,0,T
"MX vs ATV All Out",0,0,0,0,0,0,1,0,0,0,0,ET
"MX vs ATV All Out 2020 Pro Nationals Edition",0,0,0,0,0,0,1,0,0,0,0,ET
"MX vs ATV All Out Anniversary Edition",0,0,0,0,0,0,1,0,0,0,0,ET
"MXGP PRO",0,0,0,0,0,0,0,0,0,0,0,E
"MXGP2019 - The Official Motocross Videogame",0,0,0,0,0,0,0,0,0,0,0,E
"My Baby",0,0,0,0,0,0,0,0,0,0,0,E
"My Friend Pedro ",0,0,0,0,0,0,0,0,0,0,0,M
"MY HERO ONES JUSTICE",0,0,0,0,0,0,0,0,0,0,0,T
"MY HERO ONES JUSTICE 2",0,0,0,0,0,0,0,0,0,0,0,T
"My Little Riding Champion",0,0,0,0,0,0,0,0,0,0,0,E
"My Memory of Us",0,0,0,0,0,0,1,0,0,0,0,ET
"My Riding Stables - Life with Horses",0,0,0,0,0,0,0,0,0,0,0,E
"My Time at Portia",0,0,0,1,0,0,0,0,0,0,0,ET
"My Universe - Cooking Star Restaurant",0,0,0,0,0,0,0,0,0,0,0,E
"MY UNIVERSE - FASHION BOUTIQUE",0,0,0,0,0,0,0,0,0,0,0,E
"My Universe - Pet Clinic Cats and Dogs",0,0,0,0,0,0,0,0,0,0,0,E
"My Universe : School teacher",0,0,0,0,0,0,0,0,0,0,0,E
"Mystik Belle",0,0,0,1,0,0,0,0,0,0,0,ET
"Mystik Belle ",0,0,1,0,0,0,0,0,0,0,0,ET
"NARCOS: Rise of the Cartels",0,0,1,0,0,0,0,0,0,0,0,M
Narcosis,0,0,0,0,0,0,0,0,0,0,0,M
"NARUTO TO BORUTO: SHINOBI STRIKER",0,1,0,0,0,0,0,0,0,0,0,T
"NASCAR Heat 2",0,0,0,0,0,0,0,0,0,0,0,E
"NASCAR Heat 3",0,0,0,0,0,0,0,0,0,0,0,ET
"NASCAR Heat 4",0,0,0,0,0,0,0,0,0,0,0,E
"NASCAR Heat 5",0,0,0,0,0,0,0,0,0,0,0,E
"NBA 2K Playgrounds 2",0,0,0,0,0,0,0,0,0,0,0,E
"NBA 2K18",0,0,0,0,0,0,0,0,0,0,0,ET
"NBA 2K19",0,0,0,0,0,0,0,0,0,0,0,E
"NBA 2K20",0,0,0,0,0,0,0,0,0,0,0,E
"NBA 2K21",0,0,0,0,0,0,0,0,0,0,0,E
"NBA Live 18",0,0,0,0,0,0,0,0,0,0,0,E
"NBA Live 18: The ONE Edition",0,0,0,0,0,0,0,0,0,0,0,E
"NBA Live 19 The One Edition",0,0,0,0,0,0,0,0,0,0,0,E
"NBA LIVE 20",0,0,0,0,0,0,0,0,0,0,0,E
"Need for Speed HEAT",0,0,0,0,0,0,0,0,0,0,0,T
"Need for Speed Hot Pursuit Remastered",0,0,0,0,0,0,0,0,0,0,0,ET
"Need for Speedâ„¢ Payback",0,0,0,0,0,0,1,0,0,0,0,T
Nefarious,0,0,0,0,0,0,0,0,0,0,1,T
"NEKOPARA Vol.1",0,0,0,0,0,0,0,0,0,0,0,M
"Nelke & the Legendary Alchemists: Ateliers of the New World",1,0,0,1,0,0,0,0,1,0,0,ET
"Neon City Riders",0,0,1,0,0,0,0,0,0,0,0,ET
Neonwall,0,0,0,0,0,0,0,0,0,0,0,E
"Neptunia Virtual Stars",0,0,1,0,0,0,0,0,0,0,0,T
"Neverending Nightmares",0,0,0,1,0,0,0,0,0,0,0,M
Neverout,0,0,0,0,0,0,1,0,0,0,0,ET
"Neverwinter Nights Enhanced Edition",0,0,0,0,0,0,0,0,0,0,0,M
"NEW GUNDAM BREAKER",0,0,1,0,0,0,0,0,0,0,0,T
"New Super Luckys Tale",0,0,0,0,0,1,0,0,0,0,0,E
"Nex Machina",0,0,0,1,0,0,0,0,0,0,0,T
"Nexomon: Extinction",0,0,1,0,0,0,0,0,0,0,0,ET
"Next Up Hero",0,0,1,0,0,0,0,0,0,0,0,ET
"NHL 18",0,0,0,0,0,0,1,0,0,0,0,ET
"NHL 19",0,0,0,0,0,0,1,0,0,0,0,ET
"NHL 20",0,0,0,0,0,0,1,0,0,0,0,ET
"NHL 21",0,0,0,0,0,0,1,0,0,0,0,ET
"NHL 21 Great Eight Edition",0,0,0,0,0,0,1,0,0,0,0,ET
"NHL 94 Rewind",0,0,0,0,0,0,0,0,0,0,0,E
"Ni no Kuni II: REVENANT KINGDOM",0,0,1,0,0,0,0,0,0,0,0,T
"Ni No Kuni: Wrath of the White Witch Remastered",0,0,1,0,0,0,0,0,0,0,0,ET
"Nickelodeon Kart Racers",0,0,0,0,0,1,0,0,0,0,0,E
"Nickelodeon Kart Racers 2: Grand Prix",0,0,0,0,0,1,0,0,0,0,0,E
"NIER REPLICANT VER.1.22474487139â€¦",0,0,0,0,0,0,0,0,0,0,0,M
"NieR: Automata Game of the YoRHa Edition",0,0,0,0,0,0,0,0,0,0,0,M
"Night Trap - 25th Anniversary Edition",0,0,0,0,0,0,0,0,0,0,0,T
"Nightmare Boy",0,0,0,0,0,0,0,0,0,0,0,T
"Nightmares from the Deep 3: Davy Jones",0,0,0,0,0,0,0,0,0,0,1,T
"Nights of Azure 2: Bride of the New Moon",0,0,0,1,0,0,0,0,1,0,0,T
"Nine Parchments",0,0,1,0,0,0,0,0,0,0,0,ET
"Ninja Shodown",0,0,0,0,0,0,0,0,0,0,0,T
"Ninjin: Clash of Carrots",0,0,1,0,0,0,0,0,0,0,0,ET
"Nioh 2",0,0,0,0,0,0,0,0,0,0,0,M
"Nippon Marathon",1,0,0,0,0,0,0,0,0,0,0,ET
"No Heroes Allowed! VR",0,0,1,0,0,0,0,0,0,0,0,ET
"No Heroes Here",0,0,1,0,0,0,0,0,0,1,0,ET
"No Mans Sky",0,0,0,1,0,0,0,0,0,0,0,T
"No Mans Sky: Beyond",0,0,0,1,0,0,0,0,0,0,0,T
"No Straight Roads",1,0,0,1,0,0,0,0,0,0,0,ET
"NOBUNAGAS AMBITION: Taishi",0,0,0,0,0,0,1,0,0,0,0,T
NORTH,0,0,0,0,0,0,0,1,0,0,0,T
Northgard,0,0,1,0,0,0,0,0,1,0,0,ET
NUMANTIA,0,0,0,0,0,0,0,0,0,0,1,T
Obduction,1,0,0,1,0,0,0,0,0,0,0,ET
Observation,0,0,0,0,0,0,0,0,0,0,0,M
Octahedron,0,0,1,0,0,0,0,0,0,0,0,ET
"OF MICE AND SAND -REVISED-",0,0,1,0,0,0,0,0,0,1,0,ET
"Offroad Racing - Buggy X ATV X Moto",0,0,0,0,0,0,0,0,0,0,0,E
"Oh My Godheads",0,0,0,0,0,0,0,0,0,0,0,T
"Oh...Sir! The Hollywood Roast!",0,0,0,0,0,0,0,0,0,0,0,T
"OK K.O.! Lets Play Heroes",0,0,0,1,0,0,0,0,0,0,0,ET
"Okami HD",0,0,0,1,0,0,0,0,0,0,0,T
"Old Mans Journey",0,0,0,0,0,0,0,0,0,0,0,E
OLIJA,0,0,0,1,0,0,0,0,0,0,0,T
"Omega Labyrinth Z",0,0,1,0,0,0,0,0,0,0,0,M
"Omega Strike ",0,0,0,0,0,0,0,0,0,0,0,T
"Omen of Sorrow",0,0,0,0,0,0,0,0,0,0,0,T
Omensight,0,0,0,0,0,0,0,0,1,0,0,T
"One Eyed Kutkh",0,0,0,0,0,0,0,0,0,0,0,E
"One More Dungeon",0,0,0,1,0,0,0,0,0,0,0,T
"One Piece World Seeker",0,1,0,0,0,0,0,0,1,0,0,T
"One Piece: Grand Cruise",0,0,0,0,0,0,0,0,0,0,0,T
"One Piece: Pirate Warriors 4 ",0,0,0,0,0,0,0,0,0,0,0,T
"ONE PUNCH MAN: A HERO NOBODY KNOWS",0,0,0,0,0,0,0,0,0,0,0,T
"One Step From Eden",0,0,1,0,0,0,0,0,0,0,0,ET
"Onimusha: Warlords",0,0,0,0,0,0,0,0,0,0,0,M
ONRUSH,0,0,0,0,0,0,1,0,0,0,0,ET
"Operation Warcade",0,0,0,0,0,0,0,0,0,0,1,T
"Organ Trail Complete Edition",0,0,0,0,0,0,0,0,0,0,0,T
"Our World is Ended",0,0,0,0,0,0,0,0,0,0,0,M
Oure,0,0,0,0,1,0,0,0,0,0,0,E
"Out Of Ammo",0,0,0,0,0,0,0,0,0,0,0,T
"Out of the Box",0,0,1,0,0,0,0,0,0,0,0,M
"Outer Wilds",1,0,0,1,0,0,0,0,0,0,0,ET
Outriders,0,0,0,1,0,0,0,0,0,0,1,M
Outward,0,0,0,0,0,0,0,0,0,0,0,M
"Overcooked! 2",0,0,0,0,0,0,0,0,0,0,0,E
"OVERKILLS The Walking Dead",0,0,0,1,0,0,0,0,0,0,0,M
Overpass,0,0,0,0,0,0,0,0,0,0,0,E
"Override 2: Super Mech League â€“ Ultraman Deluxe Edition",0,0,1,0,0,0,0,0,0,0,0,T
"Override: Mech City Brawl",0,0,1,0,0,0,0,0,0,0,0,T
"Overwatch Legendary Edition",0,0,0,0,0,0,0,0,0,0,1,T
Owlboy,1,0,0,1,0,1,0,0,0,0,0,ET
Pankapu,0,0,0,0,1,0,0,0,0,0,0,E
"Paper Beast",0,0,1,0,0,0,0,0,0,0,0,ET
"Paranoia: Happiness is Mandatory",0,0,0,0,0,0,0,0,0,0,0,T
"Paranormal Activity: The Lost Soul",0,0,0,1,0,0,0,0,0,0,0,M
"PAST CURE",0,0,0,0,0,0,0,0,0,0,0,M
"Pathfinder: Kingmaker - Definitive Edition ",0,0,0,0,0,0,0,0,0,1,0,T
"Pato Box",0,0,0,0,0,0,0,0,0,0,0,T
"PAW Patrol Mighty Pups Save Adventure Bay",0,0,0,0,0,0,0,0,0,0,0,E
"PAW Patrol: On A Roll!",0,0,0,0,0,0,0,0,0,0,0,E
"Peaky Blinders: Mastermind",0,0,1,0,0,0,0,0,0,0,0,M
"Penguin Wars",0,0,0,0,0,1,0,0,0,0,0,E
"Penn & Teller VR: F U U U & U",0,0,0,0,0,0,0,0,0,0,0,T
"Penn & Teller VR: Frankly Unfair Unkind Unnecessary & Underhanded",0,0,0,0,0,0,0,0,0,0,0,T
"Perfect Angle",0,0,0,0,0,0,0,0,0,0,0,E
"Perils of Baking",0,0,1,0,0,0,0,0,0,0,0,ET
"Persian Nights: Sands of Wonders",0,0,0,0,0,0,0,0,0,0,0,T
"Persona 3: Dancing in Moonlight",0,0,0,0,0,0,0,0,0,0,0,T
"Persona 4: Dancing All Night",0,0,0,0,0,0,0,0,0,0,0,T
"Persona 5 Royal",0,0,1,0,0,0,0,0,0,0,0,M
"Persona 5: Dancing in Starlight",0,0,0,0,0,0,0,0,0,1,0,T
"Personality and Psychology Premium",0,0,0,0,0,0,0,0,0,0,0,M
"PGA TOUR 2K21",0,0,0,0,0,0,0,0,0,0,0,E
"Phantom Breaker Battle Grounds Overdrive",0,0,1,0,0,0,0,0,0,0,0,ET
"Phantom Doctrine",0,0,1,0,0,0,0,0,0,0,0,M
"Phantom Trigger",0,0,1,0,0,0,0,0,0,0,0,T
"Pic-a-Pix Color",0,0,0,0,0,0,0,0,0,0,0,E
"Pierhead Arcade",0,0,1,0,0,0,0,0,0,0,0,ET
"Pig Eat Ball",0,0,0,0,0,0,0,0,0,0,0,ET
"Pillars of Eternity",0,0,0,0,0,0,0,0,0,0,0,M
"Pillars of Eternity II Deadfire Ultimate Edition",0,0,0,0,0,0,0,0,0,0,0,M
"Pillars of Eternity II: Deadfire",0,0,0,0,0,0,0,0,0,0,0,M
"Pinball FX3",0,0,1,0,0,0,0,0,0,0,0,ET
"Pineview Drive",0,0,0,0,0,0,0,0,0,0,0,T
Pinstripe,0,0,0,0,0,0,0,0,0,0,0,T
PIPE,0,0,0,0,0,0,0,0,0,0,0,E
"Pipe Push Paradise ",0,0,0,0,0,0,0,0,0,0,0,E
"Pirate Flight (VR)",0,0,0,0,0,0,0,0,0,0,0,E
PitterPot,0,0,1,0,0,0,0,0,0,0,0,ET
"Pix the Cat",0,0,0,0,1,0,0,0,0,0,0,E
PixARK,0,0,0,1,0,1,0,0,0,0,0,T
"Pixel Gear",0,0,1,0,0,0,0,0,0,0,0,ET
"Pixel Ripped 1989",0,0,1,0,0,0,0,0,0,0,0,ET
"PixelJunk Monsters 2",0,0,1,0,0,0,0,0,0,0,0,ET
"PixelJunk VRâ„¢ Dead Hungry",0,0,1,0,0,0,0,0,0,0,0,ET
"Pizza Titan Ultra",0,0,1,0,0,0,0,0,0,0,0,ET
"Planescape Torment / Icewind Dale Enhanced Editions",1,1,0,0,0,0,0,0,0,0,0,T
"Planet Alpha",0,0,0,0,0,0,0,0,0,0,0,T
"Planet Coaster Console Edition",0,0,0,0,0,0,0,0,0,0,0,E
"Planet of the Apes: Last Frontier",0,0,0,1,0,0,0,0,0,0,0,M
"Planet of the Eyes",0,0,1,0,0,0,0,0,0,0,0,ET
"Plants vs. Zombies Battle for Neighborville",0,0,1,0,0,0,0,0,0,0,0,ET
"Plants vs. Zombies: La Batalla Por Neighborville",0,0,1,0,0,0,0,0,0,0,0,ET
"PLAYERUNKNOWNS BATTLEGROUNDS",0,0,0,0,0,0,0,0,0,0,0,T
"Plox Neon",0,0,0,0,0,0,0,0,0,0,0,E
Polybius,0,0,1,0,0,0,0,0,0,0,0,ET
"Pool Nation",0,0,0,0,0,0,0,0,0,0,0,ET
"Poop Slinger",0,0,0,1,0,0,0,0,0,0,0,T
"Pop-Up Pilgrims",0,0,0,0,0,0,0,0,0,0,0,E
"Port Royale 4 ",0,0,0,0,0,0,0,0,0,0,0,ET
"Portal Of Evil",0,0,0,0,0,0,0,0,0,0,0,T
"Power Rangers: Battle for the Grid",0,0,0,0,0,0,0,0,0,0,1,T
"Power Rangers: Battle for the Grid - Collectors Edition",0,0,0,0,0,0,0,0,0,0,1,T
"Predator: Hunting Grounds",0,0,0,0,0,0,0,1,0,0,0,M
"Premium Pool Arena",0,0,0,0,0,0,0,0,0,0,0,E
"Preta: Vendetta Rising",0,0,0,0,0,0,0,0,0,0,0,T
"Prince of Persia: The Sands of Time Remake",0,0,0,0,0,0,0,0,0,0,0,T
"Prison Boss VR",0,0,0,0,0,0,0,1,0,0,0,T
"Pro Evolution Soccer 2019",0,0,0,0,0,0,0,0,0,0,0,E
"Pro Fishing Simulator",0,0,0,0,0,0,0,0,0,0,0,E
"Professional Construction - The Simulation",0,0,0,0,0,0,0,0,0,0,0,E
"Professional Farmer: American Dream",0,0,0,0,0,0,0,0,0,0,0,E
"Professor  Rubiks Brain Fitness",0,0,0,0,0,0,0,0,0,0,0,E
"Project CARS 3",1,0,0,0,0,0,0,0,0,0,0,E
"Project Highrise - Architects Edition",0,0,0,0,0,0,0,0,0,0,0,ET
"Project LUX",0,0,0,0,0,0,0,0,0,0,0,T
"Project Nimbus: CODE MIRAI",0,0,0,0,0,0,0,0,0,0,0,M
Psychonauts,0,0,1,0,0,0,1,0,0,0,0,T
"Psyvariar Delta",0,0,1,0,0,0,0,0,0,0,0,ET
"Punch Line ",0,0,0,0,0,0,0,0,0,0,0,M
"Pure Farming 2018",0,0,0,0,0,0,0,0,0,0,0,E
"Puyo Puyo Tetris 2",0,0,0,0,0,0,0,0,0,0,0,ET
"Q.U.B.E. 2",0,0,0,0,0,0,0,0,0,0,0,T
"QUAR: INFERNAL MACHINES",0,0,0,0,0,0,1,0,0,0,0,ET
"Qubits Quest",0,0,1,0,0,0,0,0,0,0,0,ET
"R.B.I. Baseball 19",0,0,0,0,0,0,0,0,0,0,0,E
"R.B.I. Baseball 20",0,0,0,0,0,0,0,0,0,0,0,E
"R.B.I. Baseball 2018",0,0,0,0,0,0,0,0,0,0,0,E
"RÃ¡pidos y Furiosos: Encrucijada",0,0,0,0,0,0,1,0,0,0,0,T
Rabi-Ribi,0,0,1,0,0,0,0,0,0,0,0,T
"Race Arcade",0,0,0,0,0,0,0,0,0,0,0,E
"Race The Sun",0,0,0,0,0,0,0,0,0,0,0,E
"Race with Ryan",0,0,0,0,0,0,0,0,0,0,0,E
"Race with Ryan Road Trip Deluxe Edition",0,0,0,0,0,0,0,0,0,0,0,E
RAD,0,0,1,0,0,0,0,0,0,0,0,T
"Rad Rodgers",0,0,0,0,0,0,0,0,0,0,0,M
"Radial-G: Racing Revolved",0,0,1,0,0,0,0,0,0,0,0,ET
"RAGE 2",0,0,0,1,0,0,0,0,0,0,1,M
"Rage Room",0,0,0,0,0,0,0,0,0,0,1,T
"Raging Justice",0,0,0,0,0,0,0,0,0,0,1,T
"Raging Loop",0,0,0,0,0,0,0,0,0,0,0,M
"RAID: WORLD WAR II",0,0,0,0,0,0,0,0,0,0,0,M
"Railway Empire",1,0,0,0,0,0,0,0,0,0,0,E
"Rain World ",0,0,1,0,0,0,0,0,0,0,0,ET
"Rainbow Skies",1,0,0,1,0,0,0,0,1,0,0,ET
"Raining Coins",0,0,0,0,0,0,0,0,0,0,0,E
"Ranch Planet",0,0,0,0,1,0,0,0,0,0,0,ET
Rangi,0,0,1,0,0,0,0,0,0,0,0,ET
"Rapala Fishing: Pro Series",0,0,0,0,0,0,0,0,0,0,0,E
"Raw Data",0,0,0,0,0,0,0,0,0,0,0,M
Razed,0,0,0,0,0,0,0,0,0,0,0,E
"Real Farm",0,0,0,0,0,0,0,0,0,0,0,E
"Real Heroes: Firefighter",0,0,0,0,0,0,0,0,0,0,1,ET
"Realm Royale",0,0,0,0,0,0,0,0,0,0,1,T
"Realms of Arkania: Star Trail",0,0,0,0,0,0,0,0,0,0,1,T
"Rec Room",0,0,1,0,0,0,0,0,0,0,0,ET
"Red Dead Online",0,0,0,1,0,0,0,0,0,0,0,M
"Red Dead Redemption 2",0,0,0,1,0,0,0,0,0,0,0,M
"Red Faction",0,0,0,0,0,0,0,0,0,0,0,M
"Red Faction Guerrilla Re-Mars-tered",0,0,0,0,0,0,0,0,0,0,0,M
"Red Matter",0,0,0,0,0,0,0,0,0,0,0,T
"Redeemer: Enhanced Edition",0,0,0,0,0,0,0,0,0,0,0,M
"Reel Fishing: Road Trip Adventure",0,0,0,0,0,0,0,0,0,0,0,E
"Regalia: Of Men and Monarchs - Royal Edition",1,0,0,1,0,0,0,0,0,0,0,T
"Regions of Ruin",1,0,0,1,0,1,1,0,0,0,0,ET
Rememoried,0,0,0,0,0,0,0,0,0,0,0,E
"RemiLore: Lost Girl in the Lands of Lore",1,0,0,0,0,0,0,1,0,0,0,ET
"Remnant: From the Ashes",0,0,0,0,0,0,0,0,0,0,0,M
"Remothered: Broken Porcelain",0,0,0,0,0,0,0,1,0,0,0,M
"Remothered: Tormented Fathers",0,0,0,0,0,0,0,1,0,0,0,M
"RENTO FORTUNE",0,0,0,0,0,0,0,0,0,0,0,E
"Resident Evil 2",0,0,0,1,0,0,0,0,0,0,0,M
"Resident Evil 3",0,0,0,1,0,0,0,0,0,0,0,M
"RESTLESS SPIRIT",0,0,0,0,0,0,0,0,0,0,0,T
"Return of the Obra Dinn",0,0,0,0,0,0,0,0,0,0,0,M
"Revenant Dogma",0,0,1,0,0,0,0,0,0,0,0,ET
"Revenant Saga",1,0,0,1,0,0,0,0,0,0,0,ET
"Revenge of the Bird King",0,0,0,0,1,0,0,0,0,0,0,E
Reverie,0,0,0,0,1,0,0,0,0,0,0,E
Revolve,0,0,0,0,0,0,0,0,0,0,0,E
"RGX: Showdown",0,0,1,0,0,0,0,0,0,0,0,ET
"RICK AND MORTY: VIRTUAL RICK-ALITY",0,0,1,0,0,0,0,0,0,0,0,M
"RICK AND MORTY: VIRTUAL RICK-ALITY ",0,0,1,0,0,0,0,0,0,0,0,M
RICO,0,0,1,0,0,0,0,0,0,0,0,M
"Riddled Corpses EX",0,0,0,0,0,0,0,0,0,0,0,T
"RIDE 3",0,0,0,0,0,0,0,0,0,0,0,E
"RIDE 4",0,0,0,0,0,0,0,0,0,0,0,E
"RiftStar Raiders",0,0,1,0,0,0,0,0,0,0,0,ET
"RIOT - Civil Unrest",0,0,0,0,0,0,0,0,0,0,0,M
"Risk of Rain",1,0,0,1,0,1,1,0,0,0,0,ET
"Risk of Rain 2",0,0,1,1,0,0,0,0,0,0,0,T
"Rival Megagun",0,0,1,0,0,0,0,0,0,0,0,ET
"River City Girls",0,0,1,0,0,0,0,0,0,0,1,ET
"River City Melee: Battle Royal Special",0,0,0,0,0,0,0,0,0,0,0,ET
Riverbond,0,0,1,0,0,0,0,0,0,0,0,ET
"Road Redemption",0,0,1,0,0,0,0,0,0,0,0,M
"Road to Ballhalla",0,0,0,0,0,0,0,0,0,0,0,E
Robonauts,0,0,0,0,1,0,0,0,0,0,0,E
ROBOTICS,NULL,NULL,NULL,NULL,NULL,NULL,NULL,NULL,NULL,NULL,NULL,NULL
ROBOTICS,NULL,NULL,NULL,NULL,NULL,NULL,NULL,NULL,NULL,NULL,NULL,NULL
"Rock Boshers DX: Directors Cut",0,0,1,0,0,0,0,0,0,0,0,ET
"Rocket Arena",0,0,1,0,0,0,0,0,0,0,0,T
"Rocket Arena Mythic Edition",0,0,1,0,0,0,0,0,0,0,0,T
"Rocket League",0,0,0,0,0,0,0,0,0,0,0,E
"Rocketbirds 2 Evolution",0,0,0,0,0,0,0,0,0,0,0,T
"Rocketbirds: Hardboiled Chicken",0,0,0,0,0,0,0,0,0,0,1,T
"Rogue Aces",0,0,1,0,0,0,0,0,0,0,0,ET
"Rogue Legacy",0,0,0,1,0,0,0,0,0,0,0,ET
"Rogue Trooper Redux",0,0,0,0,0,0,0,0,0,0,0,T
"RollerCoaster Legends",0,0,0,0,0,0,0,0,0,0,0,T
"RollerCoaster Legends II: Thors Hammer",0,0,1,0,0,0,0,0,0,0,0,ET
"RollerCoaster Tycoon Joyride",0,0,0,0,0,0,0,0,0,0,0,E
"Roman Rumble in Las Vegum - AstÃ©rix & ObÃ©lix XXL 2",1,0,0,0,0,0,0,0,0,0,0,ET
"ROMANCE OF THE THREE KINGDOMS XIV",1,0,0,0,0,0,0,0,0,0,0,ET
"Romancing SaGa 2",0,0,1,0,0,0,0,0,0,0,0,T
"Rooms: The Unsolvable Puzzle",0,0,0,0,1,0,0,0,0,0,0,E
"Root Letter: Last Answer",0,0,0,0,0,0,0,0,0,0,0,M
"RPG Maker MV",0,0,1,0,0,0,0,0,0,0,0,ET
"Rugby 18",0,0,0,0,0,0,0,0,0,0,0,E
"Rugby 20",0,0,0,0,0,0,0,0,0,0,0,E
"Ruined King: A League of Legends Story",1,0,0,1,0,0,1,0,0,0,0,T
Ruiner,0,0,0,0,0,0,0,0,0,0,0,M
"Run Dorothy Run",0,0,1,0,0,0,0,0,0,0,0,ET
Runbow,0,0,0,0,0,1,0,0,0,0,0,E
"Runestone Keeper",0,0,0,0,0,0,0,0,0,0,0,T
"Rym 9000",0,0,0,0,1,0,0,0,0,0,0,E
S.O.N,0,0,0,0,0,0,0,0,0,0,0,M
"Sackboy: A Big Adventure",0,0,0,0,0,1,0,0,0,0,0,E
"Saints Row: The Third Remastered",0,0,0,0,0,0,0,1,0,0,0,M
"Sairento VR",0,0,0,1,0,0,0,0,0,0,0,M
"Sakuna: Of Rice and Ruin",0,0,1,0,0,0,0,0,0,0,1,T
"Sakuna: Of Rice and Ruin "Divine Edition"",0,0,1,0,0,0,0,0,0,0,1,T
"Sakura Wars",0,0,0,0,0,0,0,0,0,0,0,T
"Salary Man Escape VR",0,0,0,0,0,0,0,0,0,0,0,E
"Salt & Sanctuary",0,0,0,0,0,0,0,0,0,0,0,M
"Samurai Shodown",0,0,0,0,0,0,0,0,0,0,0,M
"SAMURAI SHODOWN NEOGEO COLLECTION",0,0,0,0,0,0,0,0,0,0,1,T
"SAMURAI SHODOWN V SPECIAL",0,0,0,0,0,0,0,0,0,0,0,M
"Samurai Shodown V Special ",0,0,0,0,0,0,0,0,0,0,0,M
"Samurai Shodown VI",0,0,0,0,0,0,0,0,1,0,0,T
"Santas Xmas Adventure",0,0,0,0,0,0,0,0,0,0,0,E
"Sayonara Wild Hearts",0,0,1,0,0,0,0,0,0,0,0,ET
Schacht,0,0,0,0,0,0,0,0,0,0,0,E
"School Girl/Zombie Hunter",0,0,0,0,0,0,0,0,0,0,0,M
"Scott Pilgrim vs. the World: The Game - Complete Edition",0,1,0,0,1,0,0,0,0,0,0,T
Screencheat,0,0,1,0,0,0,0,0,0,0,0,ET
"Scribblenauts Showdown",0,1,0,0,0,0,0,1,0,0,0,ET
"Scribblenauts Unlimited",0,1,0,0,0,0,0,0,0,0,0,ET
"Scribblenauts Unmasked - A DC Comics Adventure",0,1,0,0,0,0,0,0,0,0,0,ET
"Sea of Memories",0,0,0,0,0,0,0,0,0,0,0,E
"Sea of Solitude",0,0,1,0,0,0,0,0,0,0,0,T
"Secret of Mana",0,0,1,0,0,0,1,0,0,0,0,ET
"Seek Hearts",0,0,1,0,0,0,0,0,0,0,0,ET
"SEGAÂ® Genesis Classics",0,0,0,0,0,0,1,0,0,0,0,T
"Sekiroâ„¢: Shadows Die Twice",0,0,0,0,0,0,0,0,0,0,0,M
"Senko no Ronde 2",0,0,1,0,0,0,0,0,0,0,0,T
"SENRAN KAGURA Burst Re:Newal",0,0,0,0,0,0,0,0,0,0,0,M
"SENRAN KAGURA Peach Beach Splash",0,0,1,0,0,0,0,0,0,0,0,M
"Sephirothic Stories",0,0,1,0,0,0,0,0,0,0,0,ET
"Serial Cleaner",0,0,1,0,0,0,0,0,0,0,0,M
"Serious Sam Collection",0,0,0,0,0,0,0,1,0,0,0,M
"SEUM: Speedrunners From Hell",0,0,0,0,0,0,0,0,0,0,1,M
"Seven: The Days Long Gone",0,0,0,0,0,0,0,0,0,0,0,M
"SHADOW OF THE COLOSSUS",0,0,0,0,0,0,0,0,0,0,0,T
"Shadow of the Tomb Raider",0,0,0,1,0,0,0,0,0,0,0,M
Shadowgate,1,0,0,0,0,0,0,0,0,0,0,T
"Shadows of Adam",0,0,1,0,0,0,0,0,1,0,0,T
"Shadows: Awakening",0,0,0,0,0,0,0,0,0,0,1,T
"Shakedown: Hawaii",0,0,0,0,0,0,0,1,0,0,0,T
"Shantae and the Seven Sirens",0,1,0,0,0,0,0,0,1,0,0,T
"Shape of the World",0,0,0,0,1,0,0,0,0,0,0,E
"Shaq Fu: A Legend Reborn",0,0,1,0,0,0,0,0,0,0,1,T
"Shenmue I & II",0,0,0,0,0,0,1,0,0,0,0,T
"Shenmue III",0,0,0,0,0,0,0,0,0,0,0,T
"Shift Quantum",0,0,0,0,0,0,0,0,0,0,1,T
"Shikhondo - Soul Eater",0,0,1,0,0,0,0,0,0,0,0,T
"Shikhondo: Soul Eater",0,0,1,0,0,0,0,0,0,0,0,T
"Shining Resonance Refrain",0,0,1,0,0,0,0,0,0,0,1,T
SHINY,0,0,0,0,1,0,0,0,0,0,0,E
Shio,1,0,0,0,0,0,0,0,0,0,0,E
"Shooty Fruity",0,0,1,0,0,0,0,0,0,0,0,ET
"Shoppe Keep",0,0,1,0,0,0,0,0,0,0,0,T
"Shovel Knight: Treasure Trove",0,0,0,0,1,0,0,0,0,1,0,E
"Sid Meiers Civilization VI",0,0,0,0,0,0,0,1,0,0,0,ET
"Sigi - A Fart for Melusina",0,0,1,0,0,0,0,0,0,0,0,T
SIMULACRA,0,0,0,0,0,0,0,0,0,0,0,M
"Singstar Celebration",0,0,0,0,0,0,1,1,0,0,0,T
"SINNER: Sacrifice for Redemption",0,0,0,0,0,0,0,0,0,0,0,M
Siralim,1,0,1,0,0,0,0,0,0,0,0,ET
"Siralim 2",0,0,1,0,0,0,0,0,0,0,0,T
"Siralim 3",0,0,1,0,0,0,0,0,0,0,0,T
"Skater XL",0,0,0,0,0,0,0,0,0,0,0,E
Skelattack,1,0,0,1,0,1,1,0,0,0,0,ET
"Skulls of the Shogun : Bone-a-Fide Edition",0,0,1,0,0,0,0,0,0,0,0,T
Skully,0,0,0,0,1,0,0,0,0,0,0,E
"Sky Force Anniversary",0,0,1,0,0,0,0,0,0,0,0,ET
"Sky Force Reloaded",0,0,1,0,0,0,0,0,0,0,0,ET
"Skydrift Infinity",0,0,1,0,0,0,0,0,0,0,0,ET
Skyhill,0,0,0,0,0,0,0,0,0,0,0,M
Skyworld,0,0,1,0,0,0,0,0,0,0,0,ET
"Slam Land",0,0,1,0,0,0,0,0,0,0,0,ET
"Slay the Spire ",0,0,1,0,0,0,0,0,0,0,0,ET
"Slayaway Camp",0,0,0,0,0,0,0,0,0,0,0,M
"Slayaway Camp: ButcherÂ´s cut",0,0,0,0,0,0,0,0,0,0,0,M
"Slice Dice & Rice",0,0,0,0,0,0,0,0,0,0,0,M
"Slide Stars",0,1,0,0,0,0,1,0,0,0,0,T
"Slime Rancher",0,0,1,0,0,0,0,0,0,0,0,ET
"Slime-san: Superslime Edition",0,0,0,1,0,0,0,0,0,0,0,ET
"Smash Hit Plunder",1,0,0,1,0,0,0,0,0,0,0,ET
"Smoke and Sacrifice",0,0,1,0,0,0,0,0,0,0,0,ET
"Sneaky Bears",0,0,1,0,0,0,0,0,0,0,0,T
"Sniper Elite V2 Remastered",0,0,0,1,0,0,0,0,0,0,0,M
"Sniper Ghost Warrior Contracts",0,0,0,1,0,0,0,0,0,0,0,M
"Sniper Ghost Warrior Contracts 2",0,0,1,1,0,0,0,0,0,0,0,M
"SNK 40th Anniversary Collection",0,0,0,0,0,0,0,0,0,0,0,T
"SNK HEROINES Tag Team Frenzy",0,0,0,0,0,0,0,0,0,0,0,T
"Snow Fortress",0,0,0,0,1,0,0,0,0,0,0,E
SnowRunner,0,0,0,0,0,0,0,0,0,0,0,E
"Soccer Tactics & Glory",0,0,0,0,0,0,0,0,0,0,0,E
Socketeer,0,0,0,0,1,0,0,0,0,0,0,ET
"Song Of Memories",0,0,0,1,0,0,0,0,0,0,0,M
"Songbird Symphony",0,0,0,0,0,0,0,0,0,0,0,E
Songbringer,0,0,0,0,0,0,0,0,0,0,0,T
"Sonic Forces",0,0,1,0,0,0,0,0,0,0,0,ET
"Sonic Mania Plus",0,0,0,0,0,1,0,0,0,0,0,E
"SOULCALIBUR VI",0,0,0,0,0,0,0,0,0,0,0,T
"South Park: The Stick of Truth",0,0,0,0,0,0,0,1,0,0,0,M
"Space Channel 5 VR Kinda Funky News Flash!",0,0,1,0,0,0,0,0,0,0,0,ET
"SPACE HULK",0,0,0,0,0,0,0,0,0,0,0,T
"SPACE HULK ASCENSION",0,0,0,0,0,0,0,0,0,0,0,T
"Space Hulk: Deathwing - Enhanced Edition",0,0,0,1,0,0,0,0,0,0,0,M
"Space Hulk: Tactics",0,0,0,0,0,0,0,0,0,0,0,M
"Space Invaders Forever",0,0,0,0,1,0,0,0,0,0,0,E
"Space Junkies ",0,0,0,0,0,0,0,0,0,0,1,T
"Space Pirate Trainer",0,0,1,0,0,0,0,0,0,0,0,ET
"Spacebase Startopia",0,0,0,0,0,0,0,1,0,0,0,ET
Spacejacked,1,0,0,1,0,0,0,0,0,0,0,ET
SPARC,0,0,0,0,0,0,0,0,0,0,0,E
Sparklite,0,0,1,0,0,0,0,0,0,0,0,ET
Spectrum,0,0,0,0,0,0,0,0,0,0,0,E
"Speed 3: Grand Prix",0,0,0,0,0,0,1,0,0,0,0,E
"Speed Brawl",0,0,0,0,0,0,0,0,0,0,0,T
Spelunky,0,0,0,1,0,0,0,0,0,0,0,T
"Spike Volleyball",0,0,0,0,0,0,0,0,0,0,0,E
"Spintires: MudRunner - American Wilds Edition",0,0,0,0,0,0,0,0,0,0,0,E
"Spiral Splatter",0,0,0,0,0,0,0,0,0,0,0,E
"Spirit Hunter: NG",0,0,0,0,0,0,0,0,0,0,0,M
"Spirit of the North",0,0,0,0,0,0,0,0,0,0,0,E
"Splash Blast Panic",0,0,1,0,0,0,0,0,0,0,0,ET
Splasher,0,0,1,0,0,0,0,0,0,0,0,T
"SpongeBob SquarePants: Battle for Bikini Bottom - Rehydrated",0,1,0,0,0,0,0,0,0,0,0,ET
"Sprint Vector",0,0,1,0,0,0,0,0,0,0,0,ET
"Spyroâ„¢ Reignited Trilogy",0,1,0,0,0,0,0,0,0,0,0,ET
"Squareboy vs Bullies: Arena Edition",0,0,0,0,1,0,0,0,0,0,0,E
"STAR OCEAN - THE LAST HOPE - International 4k & Full HD Remaster",0,0,0,0,0,0,0,0,0,0,1,T
"Star Wars Jedi Knight: Jedi Academy",0,0,0,0,0,0,0,0,0,0,1,T
"Star Wars Jedi: Fallen Order",0,0,0,0,0,0,0,0,0,0,1,T
"Star Wars: Squadrons",0,0,1,0,0,0,0,0,0,0,0,T
"Star Warsâ„¢ Battlefrontâ„¢ II",0,0,0,0,0,0,0,0,0,0,1,T
"STAR WARSâ„¢ Episode I Racer",0,0,0,0,1,0,0,0,0,0,0,E
"STAR WARSâ„¢ Jedi Knight II - Jedi Outcastâ„¢",0,0,0,0,0,0,0,0,0,0,1,T
Starbound,1,0,0,0,1,0,0,1,0,0,0,ET
StarDrone,0,0,0,0,1,0,0,0,0,0,0,E
"Starlink: Battle for Atlas",0,0,1,0,0,0,0,0,0,0,0,ET
"Starlit Adventures",0,0,0,0,1,0,0,0,0,0,0,E
"State of Anarchy: Master of Mayhem",0,0,0,0,0,0,0,0,0,0,0,T
"State of Mind",0,0,0,0,0,0,0,0,0,0,0,M
"SteamWorld Dig 2",0,0,1,0,0,0,0,0,0,0,0,ET
"Steel Rats",0,0,0,0,0,0,0,0,0,0,0,T
"Steep: Winter Games Edition",0,0,0,0,0,0,0,0,0,0,0,T
"Steep: Winter Games Gold Edition",0,0,0,0,0,0,0,0,0,0,0,T
STEINS,NULL,NULL,NULL,NULL,NULL,NULL,NULL,NULL,NULL,NULL,NULL,NULL
"Stellaris: Console Edition",0,0,0,0,0,0,0,0,0,0,0,ET
"Steven Universe: Save the Light",0,0,1,0,0,0,0,0,0,0,0,ET
"Steven Universe: Save the Light!",0,0,1,0,0,0,0,0,0,0,0,ET
Stifled,0,0,0,0,0,0,0,0,0,0,0,T
Stikbold!,0,0,0,0,1,0,0,0,0,0,0,E
"Stikbold! A Dodgeball Adventure",0,0,0,0,1,0,0,0,0,0,0,E
"Still Time",0,0,0,0,0,0,0,0,0,0,0,T
"Story of a Gladiator",0,0,0,0,0,0,0,0,0,0,0,M
"Stranded Sails - Explorers of the Cursed Islands",0,0,1,0,0,0,0,0,0,0,0,ET
"Strange Brigade",0,0,0,0,0,0,0,0,0,0,0,T
"Stranger Things 3: The Game",0,0,0,1,0,0,1,0,0,0,0,T
"Street Fighter V: Champion Edition",0,0,0,0,0,0,0,0,0,0,0,T
"Street Fighter: 30th Anniversary Collection",1,0,0,0,0,1,0,0,1,0,0,T
"Street Outlaws: The List",0,0,0,0,0,0,0,0,0,0,0,ET
"Street Power Football",0,0,0,0,0,0,0,0,0,0,0,E
"Street Power Game",0,0,0,0,0,0,0,0,0,0,0,E
"Street Power Soccer",0,0,0,0,0,0,0,0,0,0,0,E
"Streets of Rage 4",0,1,0,0,0,0,0,0,0,0,0,T
"Streets of Red : Devils Dare Deluxe",0,0,0,0,0,0,0,0,0,0,0,T
"Streets of Rogue",0,0,1,0,0,0,0,0,0,0,0,T
"Strikers Edge",0,0,0,0,0,0,0,0,0,0,0,T
"Stunt Kite Masters VR",0,0,0,0,0,0,0,0,0,0,0,E
Subaeria,0,0,0,0,0,0,0,0,0,0,1,T
Subnautica,0,0,1,0,0,0,0,0,0,0,0,ET
"Subnautica: Below Zero",0,0,0,1,0,0,0,0,0,0,0,ET
"Suicide Guy",0,0,0,0,0,0,0,0,1,0,1,T
"Sundered: Eldritch Edition",0,0,1,0,0,0,0,0,0,0,0,ET
"Sunless Sea: Zubmariner Edition",0,0,0,0,0,0,0,0,0,0,0,T
"SUPER AMAZEBALLS",0,0,0,0,0,0,0,0,0,0,0,E
"Super Blood Hockey",0,0,0,0,0,0,0,0,0,0,0,M
"Super Bomberman R",0,1,0,0,0,0,0,0,0,0,0,ET
"Super Comboman: Smash Edition",0,0,1,0,0,0,0,0,0,0,0,ET
"Super Daryl Deluxe",0,0,0,1,0,1,0,1,0,0,0,T
"Super Destronaut DX",0,0,0,0,1,0,0,0,0,0,0,E
"Super Dungeon Tactics",0,0,1,0,0,0,0,0,0,0,0,ET
"Super GunWorld 2",0,0,0,0,1,0,0,0,0,0,0,E
"Super Hydorah",0,0,1,0,0,0,0,0,0,0,0,T
"Super Hyperactive Ninja",0,0,1,0,0,0,0,0,0,0,0,ET
"Super Kids Racing",0,0,0,0,0,0,0,0,0,0,0,E
"Super Meat Boy",0,0,1,0,0,0,0,0,0,0,0,T
"Super Mega Baseball 2",0,0,0,0,0,0,0,0,0,0,0,E
"Super Monkey Ball: Banana Blitz HD",0,0,0,0,0,1,0,0,0,0,0,ET
"Super Mutant Alien Assault",0,0,0,0,0,0,0,0,0,0,0,T
"Super Neptunia RPG",0,0,1,0,0,0,0,0,0,0,0,T
"Super Pixel Racers ",0,0,0,0,1,0,0,0,0,0,0,E
"Super Skull Smash GO! 2 Turbo",0,0,0,0,1,0,0,0,0,0,0,E
"Super Street: The Game",0,0,0,0,0,0,0,0,0,0,0,T
"Super Street:The Game",0,0,0,0,0,0,0,0,0,0,0,T
"SuperEpic: The Entertainment War",0,0,1,0,0,0,0,0,0,0,0,ET
"SUPERHOT: MIND CONTROL DELETE",0,0,0,0,0,0,0,0,0,0,1,T
"Supermarket Shriek",0,1,0,0,0,1,0,0,0,0,0,ET
SuperMash,0,0,1,0,0,0,0,0,0,0,0,ET
"Surf World Series",0,0,0,0,0,0,0,0,0,0,0,E
"Survive! Mr.CUBE (US Ver.)",0,0,1,0,0,0,0,0,0,0,0,ET
"Surviving Mars",1,0,0,1,0,0,0,0,0,0,0,ET
"Surviving the Aftermath",0,0,0,0,0,0,1,0,0,0,0,T
Switchblade,0,0,1,0,0,0,0,0,0,0,0,ET
"Sword & Fairy 6",0,0,0,0,0,0,0,0,1,0,0,T
"SWORD ART ONLINE Alicization Lycoris",0,0,0,0,0,0,0,0,0,0,0,T
"SWORD ART ONLINE: FATAL BULLET",0,0,0,0,0,0,0,0,0,0,0,T
Symmetry,0,0,0,0,0,0,0,0,0,0,0,T
SYREN,0,0,0,0,0,0,0,0,0,0,0,M
Tacoma,0,0,0,0,0,0,0,0,0,0,0,M
"Taiko no Tatsujin: Drum Session!",0,0,0,0,0,0,0,0,0,0,0,ET
"Tales from the Borderlands",0,0,0,0,0,0,0,1,0,0,0,M
"Tales of the Tiny Planet",0,0,0,0,0,0,0,0,0,0,0,E
"Tales of Vesperia: Definitive Edition",1,0,0,1,0,0,1,0,1,0,0,T
Tamashii,0,0,0,0,0,0,0,0,0,0,0,M
"Tanuki Justice",0,0,1,0,0,0,0,0,0,0,0,ET
"Taxi Chaos",0,0,0,0,0,0,1,0,0,0,0,ET
"Team Sonic Racing",0,0,0,0,0,1,0,0,0,0,0,E
"Telling Lies",0,0,0,0,0,0,0,1,0,0,0,M
"Tempest 4000",0,0,0,0,1,0,0,0,0,0,0,E
"Tennis World Tour",0,0,0,0,0,0,0,0,0,0,0,E
"Tennis World Tour 2",0,0,0,0,0,0,0,0,0,0,0,E
TERA,0,0,0,0,0,0,0,0,0,0,0,M
"Terminator: Resistance",0,0,0,0,0,0,0,0,0,0,0,M
TerraTech,0,0,1,0,0,0,0,0,0,0,0,ET
"Tesla vs Lovecraft",0,0,0,1,0,0,0,0,0,0,0,T
"Tetras Escape",0,0,0,0,0,0,0,0,0,0,0,E
"Tetris Effect",0,0,0,0,0,0,0,0,0,0,0,E
Tharsis,0,0,0,0,0,0,0,0,0,0,0,M
"Thats You!",0,0,0,0,0,0,0,1,0,0,0,T
"The 25th Ward: The Silver Case",0,0,0,0,0,0,0,0,0,0,0,M
"The Adventure Pals",0,0,0,1,0,0,0,0,0,0,0,ET
"The Alliance Alive HD Remastered",0,0,1,0,0,0,0,0,0,0,0,ET
"The American Dream",0,0,0,0,0,0,0,0,0,0,0,M
"The Angry Birds Movie 2 VR: Under Pressure",0,0,0,0,0,0,0,0,0,0,0,E
"The aquatic Adventure of the Last Human",0,0,0,1,0,0,0,0,0,0,0,T
"The Aquatic Adventure of the Last Human",0,0,0,1,0,0,0,0,0,0,0,T
"The Awesome Adventures of Captain Spirit",0,0,0,0,0,0,0,0,0,0,1,M
"The Banner Saga",1,1,0,0,0,0,0,0,0,0,0,T
"The Bards Tale IV: Barrows Deep",0,0,0,0,0,0,0,0,0,0,1,T
"The Bards Tale IV: Directors Cut",0,0,0,0,0,0,0,0,0,0,1,T
"The Bards Tale: Remastered and Resnarkled",0,0,0,0,0,0,0,0,0,0,1,T
"The Binding of Isaac: Afterbirth+",0,0,0,0,0,0,0,0,0,0,0,M
"The BIT.TRIP",0,0,0,0,1,0,0,0,0,0,0,E
"The Bridge",0,0,0,0,0,0,0,0,0,0,0,E
"The Caligula Effect: Overdose",0,0,0,0,0,0,0,0,0,0,0,M
"The Catch: Carp & Coarse",0,0,0,0,0,0,0,0,0,0,0,E
"The Coma: Recut",0,0,0,0,0,0,0,0,0,0,0,T
"The Complex",0,0,0,1,0,0,0,0,0,0,0,M
"The Council",0,0,0,0,0,0,0,0,0,0,0,M
"The Council - Episode 1 - The Mad Ones",0,0,0,0,0,0,0,0,0,0,0,M
"The Council - Episode 2 - Hide And Seek",0,0,1,0,0,0,0,0,0,0,0,M
"The Council - Episode 3 - Ripples ",0,0,1,0,0,0,0,0,0,0,0,M
"The Council - Episode 4 - Burning Bridges",0,0,0,0,0,0,0,0,0,0,0,M
"The Count Lucanor",0,0,0,0,0,0,0,0,0,0,1,T
"The Crew 2",0,0,0,0,0,0,0,0,0,0,0,T
"The Dark Crystal: Age of Resistance Tactics",0,0,1,0,0,0,0,0,0,0,0,ET
"The Dark Pictures Anthology: Little Hope",0,0,0,1,0,0,0,0,0,0,0,M
"The Dark Pictures Anthology: Man of Medan",0,0,1,0,0,0,0,0,0,0,0,M
"The Door",0,0,0,0,0,0,0,0,0,0,0,M
"THE DREAMLANDS: AISLINGS QUEST",0,0,1,0,0,0,0,0,0,0,0,ET
"The Elder Scrolls Online: Elsweyr",0,0,0,0,0,0,0,0,0,1,1,M
"The Elder Scrolls Online: Greymoor",0,0,0,0,0,0,0,0,0,1,1,M
"The Elder Scrolls Online: Summerset",0,0,0,0,0,0,0,0,0,1,1,M
"The Elder Scrolls V: Skyrim VR",0,0,0,1,0,0,0,0,0,0,1,M
"The End is Nigh",0,0,0,0,0,0,0,0,0,0,0,M
"The Escapists",0,0,1,0,0,0,0,0,0,0,0,T
"The Evil Within 2",0,0,0,1,0,0,0,0,0,0,0,M
"The Exorcist: Legion VR",0,0,0,0,0,0,0,0,0,0,0,M
"The Fall Part 2: Unbound",0,0,1,0,0,0,0,0,0,0,0,T
"The First Tree",0,0,0,0,0,0,0,0,0,0,0,E
"The Fisherman - Fishing Planet",0,0,0,0,0,0,0,0,0,0,0,E
"The Forest",0,0,0,0,0,0,0,0,0,0,0,M
"The Gardens Between",0,0,0,0,0,0,0,0,0,0,0,E
"The Golf Club 2019 Featuring the PGA Tour",0,0,0,0,0,0,0,0,0,0,0,E
"The Golf Club 2019 Featuring the PGA TOUR",0,0,0,0,0,0,0,0,0,0,0,E
"The Grand Tour Game",0,0,0,0,0,0,0,0,0,0,0,T
"The House in Fata Morgana",0,0,0,1,0,0,0,0,0,0,0,M
"The Infectious Madness of Doctor Dekker",0,0,0,0,0,0,0,0,0,0,0,T
"The Inner World",0,0,0,0,0,0,0,0,0,1,0,T
"The Inner World - The Last Wind Monk",0,0,0,0,1,0,0,0,0,1,0,ET
"The Inpatient",0,0,0,0,0,0,0,0,0,0,0,M
"THE INVISIBLE HOURS",0,0,0,0,0,0,0,0,0,0,1,T
"The Jackbox Party Pack 4",0,0,1,0,0,0,0,0,0,0,0,T
"The Journey Down: Chapter One",0,0,0,0,0,0,0,0,1,0,0,T
"The Journey Down: Chapter Three",0,0,0,0,0,0,0,0,0,0,0,T
"The Journey Down: Chapter Two",0,0,0,0,0,0,0,0,0,0,0,T
"THE KING OF FIGHTERS 2000",0,0,0,0,0,0,0,0,0,1,0,T
"THE KING OF FIGHTERS 97 GLOBAL MATCH",0,0,0,0,0,0,0,0,0,0,0,T
"THE KING OF FIGHTERSâ„¢ 98 ULTIMATE MATCH",0,0,0,0,0,0,0,0,0,0,0,T
"THE KING OF FIGHTERSâ„¢ COLLECTION: THE OROCHI SAGA",0,0,0,0,0,0,0,0,0,0,1,T
"THE LAST BLADE 2",0,0,0,0,0,0,0,0,0,0,0,T
"The Last of Us Part II",0,0,0,1,0,0,0,0,0,0,0,M
"The Last Remnant Remastered",0,0,0,0,0,0,0,0,0,0,0,M
"The Legend of Heroes: Trails of Cold Steel ",0,0,0,0,0,0,0,0,0,0,0,T
"The Legend of Heroes: Trails of Cold Steel II",0,0,0,0,0,0,0,0,0,0,0,T
"The Legend of Heroes: Trails of Cold Steel III",0,0,0,1,0,0,0,0,0,0,0,T
"The Legend of Heroes: Trails of Cold Steel IV",0,0,0,1,0,0,0,0,0,0,0,T
"The LEGO Movie 2 Videogame",0,1,0,0,0,0,0,0,0,0,0,ET
"The LEGO Ninjago Movie Video Game",0,1,0,0,0,0,0,0,0,0,0,ET
"The Liar Princess and the Blind Prince",0,0,1,0,0,0,0,0,0,0,0,ET
"The Long Dark",0,0,0,0,0,0,0,0,0,0,0,T
"The Long Reach",0,0,0,0,0,0,0,0,0,0,0,M
"The Lord of the Rings Living Card Game",1,0,1,0,0,0,1,0,0,0,0,ET
"The Lost Bear",0,0,1,0,0,0,0,0,0,0,0,ET
"The Lost Child",1,0,1,0,0,0,0,0,0,0,0,T
"The Messenger",0,0,0,1,0,0,0,0,0,0,0,ET
"The Metronomicon: Slay the Dance Floor",0,0,0,1,0,0,0,0,0,0,0,T
"THE MIDNIGHT SANCTUARY",0,0,1,0,0,0,0,0,0,0,0,ET
"The MISSING: J.J. Macfield and the Island of Memories",0,0,0,0,0,0,0,0,0,0,0,M
"The Mooseman",0,0,1,0,0,0,0,0,0,0,0,ET
"The Mummy Demastered",0,0,1,0,0,0,0,0,0,0,0,ET
"The Night Journey",0,0,0,0,0,0,0,0,0,0,0,M
"The Ninja Saviors: Return of the Warriors",0,0,0,1,0,0,0,0,0,0,0,T
"The Occupation",1,0,0,0,0,0,0,0,0,0,0,T
"The Outer Worlds",0,0,0,1,0,0,0,0,0,0,0,M
"The Path of Motus",0,0,1,0,0,0,0,0,0,0,0,ET
"The Pathless",0,0,1,0,0,0,0,0,0,0,0,ET
"The Perfect Sniper",0,0,0,0,0,0,0,0,0,0,0,M
"The Persistence",0,0,0,1,0,0,0,0,0,0,0,M
"The Princess Guide",0,0,1,0,0,0,0,0,0,0,0,T
"The Quiet Man",0,0,1,0,0,0,0,0,0,0,0,M
"The Rabbit Hole",0,0,0,0,0,0,0,0,0,0,0,T
"The Raven Remastered",0,0,0,0,0,0,0,0,0,0,1,T
"The Seven Deadly Sins  Knights of Britannia",1,0,0,0,0,0,0,0,1,0,0,T
"The Shapeshifting Detective",0,0,0,0,0,0,0,0,0,0,0,T
"THE SHAPESHIFTING DETECTIVE",0,0,0,0,0,0,0,0,0,0,0,T
"The Simsâ„¢ 4 Bowling Night Stuff",0,0,0,0,0,0,0,0,0,0,0,T
"The Simsâ„¢ 4 Cats & Dogs",0,0,0,0,0,0,0,0,0,0,0,T
"The Simsâ„¢ 4 Deluxe Party Pack",0,0,0,0,0,0,0,0,0,0,0,T
"The Simsâ„¢ 4 Discover University",0,0,0,0,0,0,0,0,0,0,0,T
"The Simsâ„¢ 4 Eco Lifestyle",0,0,0,0,0,0,0,0,0,0,0,T
"The Simsâ„¢ 4 Fitness Stuff",0,0,0,0,0,0,0,0,0,0,0,T
"The Simsâ„¢ 4 Get Famous",0,0,0,0,0,0,0,0,0,0,0,T
"The Simsâ„¢ 4 Get Together",0,0,0,0,0,0,0,0,0,0,0,T
"The Simsâ„¢ 4 Island Living",0,0,0,0,0,0,0,0,0,0,0,T
"The Simsâ„¢ 4 Jungle Adventure",0,0,0,0,0,0,0,0,0,0,0,T
"The Simsâ„¢ 4 Kids Room Stuff",0,0,0,0,0,0,0,0,0,0,0,T
"The Simsâ„¢ 4 Laundry Day Stuff",0,0,0,0,0,0,0,0,0,0,0,T
"The Simsâ„¢ 4 Moschino Stuff Pack",0,0,0,0,0,0,0,0,0,0,0,T
"The Simsâ„¢ 4 Movie Hangout Stuff",0,0,0,0,0,0,0,0,0,0,0,T
"The Simsâ„¢ 4 My First Pet Stuff Pack",0,0,0,0,0,0,0,0,0,0,0,T
"The Simsâ„¢ 4 Nifty Knitting",0,0,0,0,0,0,0,0,0,0,0,T
"The Simsâ„¢ 4 Parenthood",0,0,0,0,0,0,0,0,0,0,0,T
"The Simsâ„¢ 4 Realm of Magic",0,0,0,0,0,0,0,0,0,0,0,T
"The Simsâ„¢ 4 Seasons",0,0,0,0,0,0,0,0,0,0,0,T
"The Simsâ„¢ 4 Snowy Escape",0,0,0,0,0,0,0,0,0,0,0,T
"The Simsâ„¢ 4 Spa Day",0,0,0,0,0,0,0,0,0,0,0,T
"The Simsâ„¢ 4 Spooky Stuff",0,0,0,0,0,0,0,0,0,0,0,T
"The Simsâ„¢ 4 Star Warsâ„¢: Journey to Batuu",0,0,0,0,0,0,0,0,0,0,0,T
"The Simsâ„¢ 4 StrangerVille",0,0,0,0,0,0,0,0,0,0,0,T
"The Simsâ„¢ 4 Tiny Living",0,0,0,0,0,0,0,0,0,0,0,T
"The Simsâ„¢ 4 Toddler Stuff",0,0,0,0,0,0,0,0,0,0,0,T
"The Simsâ„¢ 4 Vampires",0,0,0,0,0,0,0,0,0,0,0,T
"The Sinking City",0,0,0,0,0,0,0,0,0,0,0,M
"The Sojourn",0,0,0,0,0,0,0,0,0,0,0,E
"The Solus Project",0,0,0,0,0,0,0,0,0,0,0,T
"The Spectrum Retreat",0,0,0,0,0,0,0,0,0,0,0,T
"The Station",0,0,0,0,0,0,0,0,0,1,0,T
"The Surge 2",0,0,1,1,0,0,0,0,0,0,0,M
"The Survivalists",0,0,1,0,0,0,0,0,0,0,0,ET
"The Swords of Ditto",0,0,0,1,0,0,0,0,0,0,0,ET
"The TakeOver",0,0,0,0,0,0,0,0,0,0,0,T
"The Unicorn Princess",0,0,0,0,0,0,0,0,0,0,0,E
"The Unknown City (Horror Begins Now.....Episode 1)",0,0,0,0,0,0,0,0,0,0,0,M
"The Walker",0,0,0,0,0,0,0,0,0,0,0,T
"The Walking Dead Onslaught",0,0,0,1,0,0,0,0,0,0,0,M
"The Walking Dead: A New Frontier",0,0,0,1,0,0,0,0,0,0,0,M
"The Walking Dead: Michonne - A Telltale Miniseries",0,0,0,1,0,0,0,0,0,0,0,M
"The Walking Dead: Saints & Sinners - Complete Edition",0,0,0,1,0,0,0,0,0,0,0,M
"The Walking Dead: Season Two",0,0,0,1,0,0,0,0,0,0,0,M
"The Walking Dead: The Complete First Season",0,0,0,0,0,0,0,1,0,0,0,M
"The Walking Dead: The Final Season",0,0,0,0,0,0,0,0,0,0,0,M
"The Walking Dead: The Final Season - Suffer The Children",0,0,0,0,0,0,0,0,0,0,0,M
"The Wardrobe",0,0,0,0,0,0,0,0,0,0,0,M
"The Witch and the Hundred Knight 2",0,0,0,0,0,0,0,0,0,0,0,T
"The Wizards",0,0,1,0,0,0,0,0,0,0,0,T
"The Wonderful 101: Remastered",1,0,0,0,0,0,0,0,0,0,1,T
"theHunter: Call of the Wild - 2019 Edition",0,0,0,0,0,0,0,0,0,0,0,T
"Thimbleweed Park",0,0,1,0,0,1,0,0,0,0,0,T
"Think of the Children ",0,0,0,1,0,0,0,0,0,0,0,T
"This Is the Police 2",0,0,0,1,0,0,0,0,0,0,0,M
"Those Who Remain",0,0,0,0,0,0,0,0,0,0,0,M
"Through the Woods",0,0,0,0,0,0,0,0,0,0,0,M
Thumper,0,0,1,0,0,0,0,0,0,0,0,ET
"Ticket to Ride",0,0,0,0,0,0,0,0,0,0,0,E
Tiles,0,0,0,0,0,0,0,0,0,0,0,E
"Timber Tennis Versus",0,0,0,0,0,0,0,0,0,0,0,ET
"Time Carnage",0,0,0,0,0,0,0,0,0,0,0,T
"Time Recoil",0,0,0,0,0,0,0,0,0,0,0,T
Timespinner,0,0,1,0,0,0,0,0,0,0,0,T
"Timothy vs the Aliens",0,0,0,0,0,0,0,0,0,0,0,T
"Tin and Kuna ",0,0,0,0,1,0,0,0,0,0,0,E
"TINY METAL",0,0,1,0,0,0,0,0,0,0,0,ET
"Titan Quest",0,0,0,0,0,0,0,0,0,0,0,T
"To Leave",0,0,0,0,0,0,0,0,0,0,0,M
"TO THE TOP",0,0,0,0,0,0,0,0,0,0,0,E
"ToeJam & Earl: Back in the Groove!",0,0,0,0,1,0,0,0,0,0,0,ET
"ToeJam and Earl: Back in the Groove",0,0,0,0,1,0,0,0,0,0,0,ET
TOKI,0,0,1,0,0,0,0,0,0,0,0,ET
"TOKYO CHRONOS",0,0,0,0,0,0,0,0,0,0,0,M
"TOKYO GHOUL:re CALL to EXIST",0,0,0,0,0,0,0,0,0,0,0,M
"Tokyo Xanadu eX+",0,0,0,1,0,0,0,1,0,0,0,T
"Tom Clancys Ghost Recon Breakpoint",0,0,0,1,0,0,0,0,0,0,0,M
"Tom Clancys Rainbow Six Siege: Advanced Edition",0,0,1,0,0,0,0,0,0,0,0,M
"Tom Clancys The Division 2 ",0,0,1,1,0,0,0,0,0,0,0,M
"Tony Hawks Pro Skater 1 and 2",0,0,0,0,0,0,0,0,0,0,0,T
"Tony Stewarts All-American Racing / Tony Stewarts Sprint Car Racing (Bundle)",0,0,0,0,0,0,0,0,0,0,0,E
"Tooth and Tail",0,0,0,0,0,0,0,0,0,0,1,T
"Torchlight II",0,0,0,0,0,0,0,0,0,0,0,T
Torn,1,0,0,1,0,0,0,0,0,0,0,T
"Toto Temple Deluxe",0,0,0,0,1,0,0,0,0,0,0,E
"Touhou Genso Wanderer Reloaded",0,0,0,1,0,0,0,0,0,0,0,T
"Touhou Kobuto V: Burst Battle",0,0,1,0,0,0,1,0,0,0,0,T
"TOUHOU SKY ARENA MATSURI CLIMAX",0,0,0,0,0,0,0,0,0,0,0,T
"Tour de France 2018",0,0,0,0,0,0,0,0,0,0,0,E
"Tour de France 2020",0,0,0,0,0,0,0,0,0,0,0,E
"Tour de France Season 2019",0,0,0,0,0,0,0,0,0,0,0,E
TrÃ¼berbrook,0,0,0,0,0,0,1,0,0,0,0,T
"Track Lab",0,0,0,0,0,0,0,0,0,0,0,E
Trailblazers,0,0,0,0,0,0,0,0,0,0,0,E
"Train Sim World",0,0,0,0,0,0,0,0,0,0,0,E
"Train Sim World 2020 Collectors Edition",0,0,0,0,0,0,0,0,0,0,0,E
"Train Sim WorldÂ®2",0,0,0,0,0,0,0,0,0,0,0,E
"Train Sim WorldÂ®2: Collectors Edition",0,0,0,0,0,0,0,0,0,0,0,E
"Transference ",0,0,0,0,0,0,0,0,0,0,0,M
TRANSFORMERS:BATTLEGROUNDS,0,0,1,0,0,0,0,0,0,0,0,ET
Transistor,0,0,0,0,0,0,0,0,0,0,1,T
Treadnauts,0,0,1,0,0,0,0,0,0,0,0,ET
"Trials of Mana",0,0,1,0,0,0,0,0,0,0,0,T
"Trials Rising",0,0,0,0,0,0,1,0,0,0,0,T
"Tricky Towers",0,0,0,0,0,0,0,0,0,0,0,E
"Trine 4: The Nightmare Prince",0,0,1,0,0,0,0,0,0,0,0,ET
"Trine Series 1-3",0,0,0,1,0,0,0,0,0,1,0,ET
"Trollhunters Defenders of Arcadia",0,0,1,0,0,0,0,0,0,0,0,ET
"Tropico 6 ",0,0,0,0,0,0,0,1,0,0,0,T
"Trover Saves the Universe",0,0,0,0,0,0,0,1,0,0,0,M
"Truck Driver",0,0,0,0,0,0,0,0,0,0,0,E
"Truck Racing Championship",0,0,0,0,0,0,0,0,0,0,0,E
"True Fear: Forsaken Souls - Part 1",0,0,0,0,0,0,0,0,0,0,0,T
"TT Isle of Man",0,0,0,0,0,0,0,0,0,0,0,E
"TT Isle of Man - Ride on the Edge 2",0,0,0,0,0,0,0,0,0,0,0,E
"Turrican Flashback",0,0,1,0,0,0,0,0,0,0,0,ET
"TWIN MIRROR",0,0,1,0,0,0,0,0,0,0,0,M
"Twin Robots",0,0,0,0,0,0,0,0,0,0,0,E
"Two Point Hospital",0,0,0,0,0,0,0,1,0,0,0,ET
Typoman,0,0,1,0,0,0,0,0,0,0,0,ET
"Tyr: Chains of Valhalla",0,0,1,0,0,0,0,0,0,0,0,ET
"UFC 4",0,0,0,0,0,0,0,0,0,0,0,T
"UglyDolls Imperfect Adventure",0,0,0,0,0,1,0,0,0,0,0,E
"Ultimate Chicken Horse",0,0,1,0,0,0,0,0,0,0,0,ET
Ultrawings,0,0,0,0,0,0,0,0,0,0,0,E
"Umihara Kawase BaZooKa",0,0,1,0,0,0,0,0,0,0,0,ET
"Umihara Kawase Fresh!",0,0,1,0,0,0,1,0,0,0,0,ET
"Under Night In-Birth Exe:Late[cl-r]",0,0,0,0,0,0,0,0,0,0,0,T
"Under Night In-Birth Exe:Late[st] ",0,0,0,0,0,0,1,0,0,0,0,T
"Unearthing Mars2",0,0,0,0,0,0,0,0,0,1,0,T
UnExplored,1,0,0,0,0,0,1,0,0,0,0,T
"Unravel 2",0,0,0,0,1,0,0,0,0,0,0,E
"Untitled Goose Game",0,0,0,0,0,0,0,0,0,0,0,E
UPPERS,0,0,0,0,0,0,0,0,0,0,0,M
"Utawarerumono: Mask of Truth",0,0,0,0,0,0,0,0,0,0,0,M
"Utawarerumono: Prelude to the Fallen",0,0,0,0,0,0,0,0,0,0,0,M
"Utawarerumono: ZAN",1,0,0,0,0,0,0,0,0,0,0,T
"V-Rally 4",0,0,0,0,0,0,0,0,0,0,0,E
"VA-11 HALL-A: Cyberpunk Bartender Action",0,0,0,0,0,0,0,0,0,0,0,M
Valfaris,0,0,0,0,0,0,0,0,0,0,0,M
"Valkyria Chronicles 4",0,0,0,0,0,0,0,0,0,0,0,T
"Valthirian Arc: Hero School Story",0,0,1,0,0,0,1,0,0,0,0,ET
Vampyr,0,0,0,1,0,0,0,0,0,0,0,M
Vanquish,0,0,0,1,0,0,0,0,0,0,0,M
"Vegas Party",0,0,0,0,0,0,0,0,0,0,0,T
"Velocity 2X",0,0,1,0,0,0,0,0,0,0,0,ET
"Virry VR: Wild Encounters",0,0,0,0,0,0,0,0,0,0,0,E
VirtuGO,0,0,0,0,0,0,0,0,0,0,0,E
"Void Bastards",0,0,0,0,0,0,0,0,0,0,0,M
"void tRrLM()",NULL,NULL,NULL,NULL,NULL,NULL,NULL,NULL,NULL,NULL,NULL,NULL
"Volgarr The Viking",0,0,0,1,0,0,0,0,0,0,0,T
"Voltron VR Chronicles",0,0,1,0,0,0,0,0,0,0,0,ET
Volume,0,0,1,0,0,0,0,0,0,0,0,ET
"Voyage of the Dead",0,0,0,1,0,0,0,0,0,0,0,M
"VR Apocalypse",0,0,0,0,0,0,0,0,0,0,0,T
"VR FC (Virtual Reality Football Club)",0,0,0,0,0,0,0,0,0,0,0,E
"VR Karts",0,0,0,0,0,1,0,0,0,0,0,E
"VR Ping Pong Pro",0,0,0,0,0,0,0,0,0,0,0,E
"VR The Diner Duo",0,0,0,0,0,0,0,0,0,0,0,ET
VRobot,0,0,1,0,0,0,0,0,0,0,0,T
VRog,0,0,0,0,0,0,0,0,0,0,0,E
"VROOM KABOOM",0,0,1,0,0,0,0,0,0,0,0,ET
"Wailing Heights",0,0,0,0,0,0,0,0,0,0,0,T
"Walden a game",0,0,0,0,0,0,0,0,0,0,0,E
"Wallachia: Reign of Dracula",0,0,0,0,0,0,1,0,0,0,0,T
Wandersong,0,0,1,0,0,0,0,0,0,0,0,ET
"War Theatre",0,0,0,0,0,0,0,0,0,0,0,T
Warborn,0,0,1,0,0,0,0,0,0,0,0,ET
Warbot,0,0,0,0,0,0,0,0,0,0,1,T
Warface,0,0,0,0,0,0,0,0,0,0,0,T
Wargroove,0,0,1,0,0,0,0,0,0,0,0,ET
"WARHAMMER 40000 : DEATHWATCH",0,0,0,0,0,0,0,0,0,0,0,T
"Warhammer 40000: Inquisitor - Martyr",0,0,0,0,0,0,0,0,0,0,0,M
"Warhammer 40000: Mechanicus",0,0,0,0,0,0,0,0,0,0,0,T
"Warhammer 40000: Space Wolf",0,0,0,0,0,0,0,0,0,0,0,M
"Warhammer: Chaosbane",0,0,0,0,0,0,0,0,0,0,0,M
"Warhammer: Vermintide 2 - Deluxe Edition",0,0,0,1,0,0,0,0,0,0,0,M
"WARRIORS OROCHI 4",1,0,0,0,0,0,0,0,1,0,0,T
"Wasteland 3",0,0,0,1,0,0,0,0,0,0,0,M
"Watch Dogs Complete Edition",0,0,0,0,0,0,0,0,0,0,1,M
"Watch Dogs Legion ",0,0,0,0,0,0,0,1,0,0,0,M
Wattam,0,0,0,0,1,0,0,0,0,0,0,ET
"Way of Redemption",0,0,0,0,0,0,0,0,0,0,0,ET
"Way of the Passive Fist",0,0,0,0,0,0,0,0,0,0,1,T
"We Happy Few",0,0,0,0,0,0,0,0,0,0,0,M
"We Happy Few: Uncle Jack Live VR",0,0,0,0,0,0,0,0,0,0,0,M
"We Sing Pop",0,0,0,0,0,0,0,1,0,0,0,T
"Welcome to Hanwell",0,0,0,0,0,0,0,0,0,0,0,M
"Werewolf: The Apocalypse - Earthblood",0,0,1,0,0,0,0,0,0,0,0,M
"West of Dead",0,0,1,0,0,0,0,0,0,0,0,T
"What Remains of Edith Finch",0,0,1,0,0,0,0,0,0,0,0,T
"Where are my friends?",0,0,1,0,0,0,0,0,0,0,0,ET
"Where the Water Tastes Like Wine",0,0,0,0,0,0,0,0,0,0,0,M
"Whispering Willows",0,0,0,0,0,0,0,0,0,0,0,T
"White Noise 2",0,0,0,0,0,0,0,0,0,0,0,M
"Who Wants to Be a Millionaire?",1,0,0,0,0,0,0,0,0,0,0,E
"Wild Turkey Hunter",0,0,0,0,0,0,0,0,0,0,1,T
"WILL: A Wonderful World",0,0,1,0,0,0,0,0,0,0,0,M
Windjammers,0,0,0,0,0,0,0,0,0,0,0,E
"Wizard of Legend",0,0,1,0,0,0,0,0,0,0,0,ET
"Wolfenstein II: The New Colossus",0,0,0,1,0,0,0,0,0,0,0,M
"Wolfenstein: Cyberpilot",0,0,0,0,0,0,0,0,0,0,0,M
"Wolfenstein: Youngblood",0,0,0,1,0,0,0,0,0,0,0,M
"Wonder Boy: The Dragons Trap",0,0,1,0,0,0,0,0,0,0,0,ET
"Word Search by POWGI",0,0,0,0,0,0,0,0,0,0,0,E
Wordhunters,0,0,0,0,0,0,0,0,0,0,0,E
"World of Tanks",0,0,0,0,0,0,1,0,0,0,0,T
"World of Warriors",0,0,0,0,0,0,0,0,0,0,1,T
"World of Warships Legends ",0,0,0,0,0,0,0,0,0,0,1,T
"World of Warships Legends: Firepower Deluxe Edition",0,0,0,0,0,0,0,0,0,0,1,T
"World of Warships: Legends",0,0,0,0,0,0,0,0,0,0,1,T
"World War Z",0,0,0,1,0,0,0,0,0,0,0,M
"Worms Battlegrounds",0,0,0,1,0,1,1,0,0,0,0,ET
"Worms Rumble",0,0,1,0,0,0,0,0,0,0,0,ET
"Worse Than Death",0,0,1,0,0,0,0,0,0,0,0,M
Wraith,0,0,0,0,0,0,0,0,0,0,0,T
"WRC 7 FIA World Rally Championship",0,0,0,0,0,0,0,0,0,0,0,E
"WRC 8 FIA World Rally Championship",0,0,0,0,0,0,0,0,0,0,0,E
"WRC 9 FIA World Rally Championship",0,0,0,0,0,0,0,0,0,0,0,E
Wreckfest,0,0,0,0,0,0,0,0,0,0,0,T
Wulverblade,0,0,0,0,0,0,0,0,0,0,0,M
Wuppo,0,0,0,0,1,0,0,0,0,0,0,E
"WWE 2K Battlegrounds",0,1,0,0,0,0,1,0,0,0,0,T
"WWE 2K18",1,0,0,0,0,0,0,0,0,0,0,T
"WWE 2K18 Cena (Nuff) Edition",1,0,0,0,0,0,0,0,0,0,0,T
"WWE 2K19",1,0,0,0,0,0,0,0,0,0,0,T
"WWE 2K20",1,0,0,0,0,0,0,0,0,0,0,T
"X-Morph: Defense",0,0,0,0,0,0,0,0,0,0,0,T
"Xenon Racer",0,0,0,0,0,0,0,0,0,0,0,E
"Xenon Valkyrie+",0,0,0,0,1,0,0,0,0,0,0,E
XIII,0,0,0,0,0,0,0,0,0,0,0,M
Yaga,0,0,0,0,0,0,1,0,0,0,1,T
"Yakuza 3",0,0,0,0,0,0,0,0,0,0,0,M
"Yakuza 4",0,0,0,0,0,0,0,0,0,0,0,M
"Yakuza 5",0,0,0,0,0,0,0,0,0,0,0,M
"Yakuza 6: The Song of Life",0,0,0,0,0,0,0,0,0,0,0,M
"Yakuza: Kiwami 2",0,0,0,0,0,0,0,0,0,0,0,M
"Yakuza: Like a Dragon",0,0,0,0,0,0,0,0,0,0,0,M
"YIIK: A Postmodern RPG",0,0,0,0,0,0,0,0,0,0,0,M
"Yokus Island Express",0,0,0,0,0,0,0,1,0,0,0,ET
"Yomawari: Midnight Shadows",0,0,0,0,0,0,0,0,0,0,0,M
"Yooka-Laylee and the Impossible Lair",0,0,0,0,0,1,0,0,0,0,0,E
"Your Toy",0,0,0,0,0,0,0,0,0,0,0,T
"Youtubers Life",0,0,0,0,0,0,0,0,0,0,0,ET
"Ys IX: Monstrum Nox",0,0,1,0,0,0,0,0,0,0,0,T
"Ys VIII: Lacrimosa of Dana",0,0,0,1,0,0,0,0,0,0,0,T
"Ys: Memories of Celceta",0,0,1,0,0,0,1,0,0,0,0,T
"Ys: Memories of Celceta "Timeless Adventurer Edition"",0,0,1,0,0,0,1,0,0,0,0,T
"Yu-Gi-Oh! Legacy of the Duelist: Link Evolution",0,0,1,0,0,0,0,0,0,0,0,T
"YU-NO: A girl who chants love at the bound of this world.",0,0,0,0,0,0,0,0,0,0,0,M
"Zanki Zero: Last Beginning",0,0,0,0,0,0,0,0,0,0,0,M
Zengeon,0,0,1,0,0,0,1,0,0,0,0,T
"Zero Escape: Zero Time Dilemma",0,0,0,1,0,0,0,0,0,0,0,M
"Zeus Quest Remastered",0,0,0,0,0,0,0,0,0,0,1,T
"Zombie Army 4: Dead War",0,0,0,1,0,0,0,0,0,0,0,M
"Zombieland Double Tap: Road Trip",0,0,0,0,0,0,0,0,0,0,0,M
"ZONE OF THE ENDERS: THE 2nd RUNNER - M?RS ",0,0,0,0,0,0,1,0,0,0,0,T
